/*
SQLyog Ultimate v11.33 (64 bit)
MySQL - 5.1.49-community : Database - db_demo
*********************************************************************
*/

/*!40101 SET NAMES utf8 */;

/*!40101 SET SQL_MODE=''*/;

/*!40014 SET @OLD_UNIQUE_CHECKS=@@UNIQUE_CHECKS, UNIQUE_CHECKS=0 */;
/*!40014 SET @OLD_FOREIGN_KEY_CHECKS=@@FOREIGN_KEY_CHECKS, FOREIGN_KEY_CHECKS=0 */;
/*!40101 SET @OLD_SQL_MODE=@@SQL_MODE, SQL_MODE='NO_AUTO_VALUE_ON_ZERO' */;
/*!40111 SET @OLD_SQL_NOTES=@@SQL_NOTES, SQL_NOTES=0 */;
CREATE DATABASE /*!32312 IF NOT EXISTS*/`db_demo` /*!40100 DEFAULT CHARACTER SET utf8 */;

USE `db_demo`;

/*Table structure for table `t_category` */

DROP TABLE IF EXISTS `t_category`;

CREATE TABLE `t_category` (
  `id` int(10) NOT NULL AUTO_INCREMENT COMMENT '板块ID',
  `name` varchar(50) DEFAULT NULL COMMENT '板块名称',
  `deleted` tinyint(1) DEFAULT '0' COMMENT '删除标志',
  PRIMARY KEY (`id`)
) ENGINE=InnoDB AUTO_INCREMENT=11 DEFAULT CHARSET=utf8;

/*Data for the table `t_category` */

insert  into `t_category`(`id`,`name`,`deleted`) values (1,'我的大学',0),(2,'游戏天地',0),(3,'音乐圣地',0),(4,'知识海洋',0),(5,'电影乐园',0),(7,'java',0),(9,'计算机科学与技术',0),(10,'知识改变命运',0);

/*Table structure for table `t_reply` */

DROP TABLE IF EXISTS `t_reply`;

CREATE TABLE `t_reply` (
  `id` int(10) NOT NULL AUTO_INCREMENT COMMENT '回帖ID',
  `user_id` int(10) NOT NULL COMMENT '回帖发布用户ID',
  `topic_id` int(10) NOT NULL COMMENT '主题ID',
  `content` text COMMENT '回帖内容',
  `pub_date` timestamp NOT NULL DEFAULT CURRENT_TIMESTAMP COMMENT '回帖时间',
  `deleted` tinyint(1) NOT NULL DEFAULT '0' COMMENT '删帖标志',
  PRIMARY KEY (`id`,`deleted`)
) ENGINE=InnoDB AUTO_INCREMENT=248 DEFAULT CHARSET=utf8;

/*Data for the table `t_reply` */

insert  into `t_reply`(`id`,`user_id`,`topic_id`,`content`,`pub_date`,`deleted`) values (1,5,2,'数据处理！','2018-05-19 16:45:23',0),(2,110,1,'已经是在德已经六年有余的老留德华了 还好差不多明年研究生要毕业了\r\n\r\nLZ莫不是在北威州 或者柏林读语言？\r\n\r\n过来人告诉你 这种异地比国内异地难得多的多 真的得做好准备如果有可能 让她也来德国吧 在一起比什么都强 真的 不是我不看好你们 是真的太难了 但是还是希望你们能够坚持住','2018-05-22 21:48:26',0),(3,20,1,'\r\n\r\n你在中国的深夜里打下这一段文字，相信你女朋友会在地球另一端的阳光下感受到温暖。\r\n步行街正是因为你这样会说话的人，发帖的人以及看帖的jrs也才会感到温暖 ','2018-05-22 21:49:45',0),(4,99,1,'来个总结回复。加了，确实是女的，我看了朋友圈之后才知道她有对象。为什么开撩，一方面是确实无聊，一方面因为裤子的事情我已经询问过客服好几次了，每次都小哥哥的叫，当然我不加之前我也不知道对面是男是女，既然你都这么小哥哥的叫，那我也不好意思了。当然有人觉得这样跟客服说话很low很烦，不过我当时就是觉得好玩。反正我现在知道她有对象，我也没干什么，裤子处理好，寄过来了我就删。 \r\n\r\n再说了，我把微信给她，加不加是她自己选择的。不过人家客服加了之后也没有做什么，步行街有些JRS是不是被侵蚀了？什么都能想到头上养羊？800字？','2018-05-22 21:49:49',0),(5,78,2,'刚开始聊上，看了她朋友，昨天还发了和男朋友的合照 ','2018-05-22 21:49:53',0),(6,32,1,'没准，我以前帮前女友搭理店铺当过客服的，线下抠脚搓手闻，线上还是萌萌哒','2018-05-22 21:49:56',0),(7,10,1,'所以膨胀了，给封杀不然真的前途无量，绝对是东方对A系列的顶级颜值。','2018-05-22 18:11:00',0),(8,8,1,'袁咏仪好可爱，好活泼～','2018-05-22 18:11:00',0),(9,4,1,'当初黑她耍大牌的时候可不是这样的 反正她是自己毁了自己','2018-05-22 18:11:00',0),(10,4,1,'张嘴就来？？？','2018-05-22 18:11:00',0),(11,12,1,'zszszszs','2018-05-22 18:11:00',0),(12,12,1,'靓靓（袁咏仪）人缘很好，她是现在为数不多在内地这边拍戏拍的很勤力的香港演员，而且和机长（张智霖）这对夫妇在圈内的评价是真的好，哥哥张国荣也曾经称赞过靓靓，她红以及有人捧不是没有原因的','2018-05-22 18:11:00',0),(13,4,1,'袁咏仪当年真是很漂亮，身高也够，真是仙女级别的','2018-05-22 18:11:00',0),(14,9,1,'放肆的大笑，夸张的表情却只让人觉得可爱、直率，丝毫不影响美感，长的漂亮就是好呀??','2018-05-22 18:11:00',0),(15,11,1,'郭富城上来先摆个造型，同时把麦克风调整一下，哈哈哈','2018-05-22 18:11:00',0),(16,3,1,'郭天王够不到麦，心疼','2018-05-22 18:11:00',0),(17,12,1,'名副其实直率型女子??','2018-05-22 18:11:00',0),(18,4,2,'21日上午，合川区城内的蟠龙路干货批发市场监控给出答案：17秒！','2018-05-22 11:31:00',0),(19,4,2,'他的名字叫张云，笑容真的温暖，好人一生平安','2018-05-22 11:31:00',0),(20,9,2,'英雄！值得尊敬！这小女孩得认个干爹了，算是给了她第二次生命吧','2018-05-22 11:31:00',0),(21,13,2,'说真的我不敢，孩子过重，位置过高很有可能导致双臂骨折肋骨骨折。','2018-05-22 11:31:00',0),(22,1,2,'当地的jr可以去张哥店里支持一下，哪怕过去称赞一下或买点做饭用的佐料都行哈哈哈','2018-05-22 11:31:00',0),(23,10,3,'毕业后，我和她也偶尔有联系，她谈了一个男朋友，（后来不知名原因，去世了）。','2018-05-22 14:06:00',0),(24,11,3,'其实楼主第一句“时间太长了，断了就断了吧”很有水平啊。原本以为你是个王者，看到后面原来你还是个青铜弟弟。','2018-05-22 14:06:00',0),(25,8,3,'我记得是当时她放寒假，我去街上找她，发现她微信有个备注是男神，她解释不是我想的那样。','2018-05-22 14:06:00',0),(26,10,3,'既然爱就在一起啊，哪怕是接盘，要不然以后想起初恋会后悔','2018-05-22 14:06:00',0),(27,5,3,'当时怎么伤你的，是有第三者吗','2018-05-22 14:06:00',0),(28,15,3,'有朋友说几个小时太草率了，我和她有联系一直，过年时候她让我去她家，我没去。','2018-05-22 14:06:00',0),(29,9,3,'我想我还是不要因为别人朝前走了一步，就把跑着的九十九步走完吧。','2018-05-22 14:06:00',0),(30,5,3,'其实本来我是想她回来了，我们试着能不能有以前的感觉。','2018-05-22 14:06:00',0),(31,10,3,'调戏大家调戏也没啥，想听听各位局外人的看法，我再结合我对她的了解。','2018-05-22 14:06:00',0),(32,13,3,'这么多年了，性格还是没变','2018-05-22 14:06:00',0),(33,8,3,'说错了','2018-05-22 14:06:00',0),(34,14,3,' 引用内容由于违规已被删除','2018-05-22 14:06:00',0),(35,9,3,'但是我还是希望将来你们在一起是因为爱情！','2018-05-22 14:06:00',0),(36,15,4,'这个嘛……我上大学时候每年暑假都在贴吧给想报考我们学校的学弟学妹做答疑，介绍我们学校什么的，然后那个时候我岳父用我媳妇的qq加了我好友，问了问我们学校，最后也录取到我们学校了……后来的事就阴差阳错的勾搭上了','2018-05-22 16:23:00',0),(37,15,4,'楼主能不能出个“找漂亮媳妇”的攻略在下感激不尽','2018-05-22 16:23:00',0),(38,3,4,'武汉-清迈往返机票2人共8160','2018-05-22 16:23:00',0),(39,6,4,'基本都去了……这些纯拍照的景点不喜欢','2018-05-22 16:23:00',0),(40,10,4,'然后这次主要花费 ：','2018-05-22 16:23:00',0),(41,8,4,'你这只能算总结，谈不上攻略，我也去过，你这里面没提到什么具有参考价值的。关于机票，泰国自由行首选亚洲航空','2018-05-22 16:23:00',0),(42,1,4,'收藏先，过个十几年混好了再去??','2018-05-22 16:23:00',0),(43,15,4,'差不多，写之前感觉想写东西挺多的写完全忘了有啥重点要写的。我去的时候是十一旺季，哪家都没便宜机票，我郑州的甚至找半天发现去武汉坐飞机是最划算的','2018-05-22 16:23:00',0),(44,14,4,'你这机票真是不便宜','2018-05-22 16:23:00',0),(45,5,4,'那你的位置的确有点尴尬，其实中部地区，长沙是最便宜的，我第一次去，两个人长沙飞清迈，然后飞曼谷再回长沙，1317全程。11月因为水灯节的缘故，的确会涨价。我马上六月份第二次去。那边的DQ是真便宜','2018-05-22 16:23:00',0),(46,5,4,'我去过泰国普吉岛，跟楼主有些观点不同，说一下：1、关于小费，如果不给真没什么关系，没必要强求国内旅游者要给，完全看个人心情，但据我观察，大部分泰国人态度还是很好很友善的，不强要！所以大部分旅游者还是给的。2、没必要懂什么英语的或者对方懂中文，我们去了一个类似国内夜市的地方，基本大部分摊位你打手势人家都懂，完全没什么障碍。3、泰国人普遍性子比较慢，所以打交道要有耐心（相比较国内大部分都是急性子）。4、有些地方最好也不要乱逛，有些华裔泰国人也是想尽办法赚国内人的钱（把人当有钱凯，如果不买不给，面色话语很难看、','2018-05-22 16:23:00',0),(47,4,4,'媳妇好评哈哈','2018-05-22 16:23:00',0),(48,2,4,'早没看到，5.1刚去','2018-05-22 16:23:00',0),(49,3,4,'前两年跟个团去了趟泰国吃的简直惨不忍睹，以后有空了还是得自己去一趟','2018-05-22 16:23:00',0),(50,12,5,'其实真正的富二代都很有教养的。比如马云的孩子，马化腾的孩子，我，李嘉诚的孩子，宗庆后的孩子。','2018-05-23 08:56:00',0),(51,4,5,'“大家不要慌，这一定是一个安全套广告”','2018-05-23 08:56:00',0),(52,13,5,'最后这张，这货不会有华人血统吧','2018-05-23 08:56:00',0),(53,5,5,'比如王健林的孩子？拿出身标签一个人毫无意义。','2018-05-23 08:56:00',0),(54,7,5,'你看看中间那个“我”字，那是重点，他在那抖机灵吹牛逼呢。','2018-05-23 08:56:00',0),(55,14,6,'莫名想到了成龙','2018-05-22 21:57:00',0),(56,4,6,'蹲下来那一刻，我就退出你这个帖子了','2018-05-22 21:57:00',0),(57,14,6,'为什么腿可以这么粗上半身这么细','2018-05-22 21:57:00',0),(58,10,6,'因为跳舞的腿都有点粗','2018-05-22 21:57:00',0),(59,3,6,'我老婆就是漂亮，人美身材好','2018-05-22 21:57:00',0),(60,13,6,'你们都没理解层主的意思是穿了打底裤么','2018-05-22 21:57:00',0),(61,7,7,'我应该说这是婊里的清流吗？','2018-05-22 19:59:00',0),(62,13,7,'成为孩子爹只需点个这买卖真赚','2018-05-22 19:59:00',0),(63,7,7,'........真的牛皮','2018-05-22 19:59:00',0),(64,6,7,'“我考虑清楚了，还是算了，你不配养他的孩子！”','2018-05-22 19:59:00',0),(65,2,7,'不是你的  说明这个兄弟应该也上过','2018-05-22 19:59:00',0),(66,8,7,'牛逼建议结婚，然后生下来之后报警把女的告上法庭要求赔偿精神损失美滋滋啊','2018-05-22 19:59:00',0),(67,14,7,'我tm什么好处都没捞到，你让我考虑一下？','2018-05-22 19:59:00',0),(68,9,7,'然后如果这男的答应了，才是最骚的','2018-05-22 19:59:00',0),(69,15,7,'我身边也有这样的 自己做别人小三 让我考虑下和她在一起。真的很搞笑','2018-05-22 19:59:00',0),(70,3,7,'不把真名打个码吗？','2018-05-22 19:59:00',0),(71,3,8,'你确定？？？？？','2018-05-22 22:07:00',0),(72,9,8,'切。。。假正经，不懂有什么好骄傲的今年联合国都接了跑男了，哈弗耶鲁牛津剑桥都派了清华北大复旦交大都接了，就你们学校金贵。每个学校都有外宣口和经费，中南财大可以利用录制做很多对外宣传，展现校风，可以很低俗，也可以很有营养，这事情谋事在人，2014年跑男第一季而已，现在再试一次又会怎么样呢？题外话，人民网不同人民日报，是市场化盈利机构，上市前给多少财团公关部门发过邮件了，人民网部分记者写稿子都收润笔费的，hhhhh，当然我看这篇文不像，只是这世界没有无缘无故的爱与恨，也没有不存在个人情感的新闻报道啊少年','2018-05-22 22:07:00',0),(73,4,8,'我在北大待了六年，大大小小的明星和外国政要来过很多，除了主席和宰相，还没有人这么重视过。杨毅来北大因为没有预约校门都进不了。后来还是举办方特意去保安部重新解释了一番才放进来的','2018-05-22 22:07:00',0),(74,8,8,'其实要求不高，还算合理不影响学生正常上课......我记得以前浙江台哪个节目要去我们学校拍，说是什么热度高。后来校方觉得这节目是来蹭我们热度的，而且贼瘠簙事儿，给拒了。','2018-05-22 22:07:00',0),(75,5,8,'武大？华科？','2018-05-22 22:07:00',0),(76,9,8,'以前跑男还求着我们学校拍摄 直接被拒绝了','2018-05-22 22:07:00',0),(77,10,8,'学校接受你们说学校跪舔','2018-05-22 22:07:00',0),(78,1,8,'去武汉，中南财经拒绝过…………','2018-05-22 22:07:00',0),(79,4,8,'我听我们学校团委的人说过，跑男14年上半年联系过我们学校，被学校领导给拒绝了，说是会影响学生学习','2018-05-22 22:07:00',0),(80,14,8,' 引用内容被灭过多已被折叠','2018-05-22 22:07:00',0),(81,8,8,'让人羡慕的水平不过我和楼主一个学校的哈哈哈','2018-05-22 22:07:00',0),(82,10,8,'帮我要陈赫和邓超签名！','2018-05-22 22:07:00',0),(83,14,9,'很正常的水平吧，毕业了，那层窗户纸也不用保护了。','2018-05-22 22:43:00',0),(84,3,9,'大学同学没有凝聚力是很正常的。不用放在心上。我四年了我们班男生名字都认不全。','2018-05-22 22:43:00',0),(85,14,9,'说句不好听的。我高中到研究生十年的班长。组织活动不好做也是正常，但活动前不挨个确定，这是组织上的大失误。另外，凝聚力再一般的班级，一次活动，全班三十个，再不济七八个人铁定会有去的。何况是毕业聚餐这种大活动。但是你这全班一个都没到，我觉得真该想想是不是自己的问题了。这完全背离了人心所向。或者说积怨太久，最后彻底爆发了。反正我看来，这绝对不全是同学们的问题。','2018-05-22 22:43:00',0),(86,1,9,'认不全估计是你的问题了吧，再不熟好歹也是同学一场','2018-05-22 22:43:00',0),(87,14,9,'简单的说，楼主连个能硬拉去的死dang都没有。这不光是做班长的失败了，是做人的失败。','2018-05-22 22:43:00',0),(88,13,9,'我的意思是大学四年大家为了这个集体已经牺牲很多自己的利益，并不是所有的人都和楼主一样，再加上一些同学早已积怨，现在终于毕业了，难道还要再去演一出戏吗？','2018-05-22 22:43:00',0),(89,11,9,'大学生上个学还能牺牲很多自己的利益......','2018-05-22 22:43:00',0),(90,14,9,'PS：被亮了这么多有点意外，那就在接着说一些，其实现在的大学生同学情很淡，都只是在同一间教室里面上课，下了课就各回各寝室了，基本上没有什么交际，至于我说的牺牲个人利益，那是因为有很多班级活动，我们身为这个集体的一份子不得不去，这难道不算牺牲个人自己的利益吗？','2018-05-22 22:43:00',0),(91,1,9,'不过我真不明白这些人不去，是怎么想的','2018-05-22 22:43:00',0),(92,2,9,'有什么窗户纸呢？大学能有多大仇多大怨','2018-05-22 22:43:00',0),(93,13,9,'呵呵，点菜都是你自己做主？一个巴掌拍不响，大家都有问题','2018-05-22 22:43:00',0),(94,1,9,'好多人，百十号人呢，饭店不可能照着大家喜好来吧，我点是看多少钱一桌大概什么样子，尽量最实惠，我是真的心好累，','2018-05-22 22:43:00',0),(95,9,10,'怎么欠考虑呢？楼主都说了他们俩都是大二学生，花着父母的钱来谈恋爱。再说回这个菠萝，超市工作人员都说了是因为切好块了放到明天会坏掉，所以两块，并不是因为其他原因，也不是因为菠萝不好。那我是不是可以理解为同样是这个菠萝，如果超市卖二十块楼主买给他女朋友就是爱她的表现？','2018-05-23 08:53:00',0),(96,6,10,'如果是老婆的话问题不大，买给女朋友就有点欠考虑了','2018-05-23 08:53:00',0),(97,5,10,'我只是想让你给我最好的。。。多自私啊','2018-05-23 08:53:00',0),(98,3,10,'这女人是脑子有坑还是咋滴，什么叫我就值两块钱的菠萝？难不成天天吃米其林三星才能体现出自己身价？想吃什么自己也得有这个能力…','2018-05-23 08:53:00',0),(99,1,10,'做过五年的水果店店长，一般这种装盒里面的水果都是快要烂掉或者烂了一部分，然后经过我们处理过的，表面看着没问题，但是会不会吃坏肚子，不好说，所以我觉得以后这样的打折水果还是不要买的好。。','2018-05-23 08:53:00',0),(100,5,10,'笑死我了','2018-05-23 08:53:00',0),(101,5,11,'让一让，图来了','2018-05-22 22:59:00',0),(102,6,11,'比利时蓝牛什么水平','2018-05-22 22:59:00',0),(103,2,11,'老虎和狮子都干不过这玩意','2018-05-22 22:59:00',0),(104,11,11,'你可能对老虎的吨位一无所知','2018-05-22 22:59:00',0),(105,11,11,'灵长类通病。。。。痛感神经极其敏锐。。。打斗时候实际耐受力比老虎，狮子这类差的比较远。。。','2018-05-22 22:59:00',0),(106,13,11,'自己走不动道的水平。去过种牛基地，基本都是这种一身腱子肉的公牛，要用专门的传送带来运送，牛自己走不动几步路。','2018-05-22 22:59:00',0),(107,7,11,'有个锋利小刀可胜','2018-05-22 22:59:00',0),(108,15,11,'我有点好奇取得胜利的步骤流程。','2018-05-22 22:59:00',0),(109,7,11,'电影里面一般是派个女人','2018-05-22 22:59:00',0),(110,7,12,'我只想告诉楼主，和其它忍受不了这样的东北人，你们这算什么？你们这一生可能都没有几次这样的经历。但对于我们很多普通东北人，这tm简直是日常。我比你们，和其它黑东北黑的非常欢的人，都更有资格去黑。因为我和这样的人天天生活在一起。有遇到东北妇女耍泼的，有像你这样遇到东北老头老太太倚老卖老的，有遇到东北的社会青年装x的，我可以告诉你，我都遇到过。真的，看到你们黑东北时我都懒得反驳，这对你们只能只是一时的不爽，对我可能就tm是一辈子。没办法，家在这里，房子在这里，生活圈在这里。','2018-05-22 23:14:00',0),(111,1,12,'首先是刚才发生的真事，医书那段是我真的看过....不是精神胜利法，当然可能也不是啥正经医术，想想挺后怕的，万一忍不住还了手成了社会事件真的血亏，唉身在异乡还是能忍则忍吧','2018-05-22 23:14:00',0),(112,10,12,'给这二老来两巴掌就跑','2018-05-22 23:14:00',0),(113,15,12,'真的有这样想过，想拿可乐瓶（装满可乐的那种）扔这b脸上就跑，但是万一被人拍下来发微博咱还说不定会被很多不知情网友误解，所以远离垃圾人吧...','2018-05-22 23:14:00',0),(114,11,12,'冲这福利，老夫掐指一算，楼主必是成大事之人','2018-05-22 23:14:00',0),(115,11,12,'要是我就直接给他AV看让他血压升高好走不送','2018-05-22 23:14:00',0),(116,7,12,'成都哪儿啊  我马上带人来帮你做了他txtx','2018-05-22 23:14:00',0),(117,6,12,'可能是神经病，楼主别气了，跟那种人犯不着','2018-05-22 23:14:00',0),(118,8,12,'是啊，喷了，想不明白今天成都气温明明不低','2018-05-22 23:14:00',0),(119,5,12,'就开个窗为什么反应那么大...','2018-05-22 23:14:00',0),(120,4,12,'和vbjk有什么关系？你也精神失常？','2018-05-22 23:14:00',0),(121,9,12,'115路公交车上...哈哈既然兄弟说话这么仗义，有缘一起吃喝玩乐！','2018-05-22 23:14:00',0),(122,8,12,'百花中心到环球？','2018-05-22 23:14:00',0),(123,15,12,'福利不错。','2018-05-22 23:14:00',0),(124,8,13,'可以加个微信么  好jr','2018-05-22 23:57:00',0),(125,3,13,'刚去了普吉岛,现在又想去仙本那了...','2018-05-22 23:57:00',0),(126,3,13,'本地人羡慕死你了，我连去redang的钱都没有。','2018-05-22 23:57:00',0),(127,4,13,'仙本那该去考潜水证最好啊','2018-05-22 23:57:00',0),(128,2,13,'国庆正准备去仙本那，楼主及时雨啊，可以私聊哇','2018-05-22 23:57:00',0),(129,9,13,'好看，帮顶。','2018-05-22 23:57:00',0),(130,7,13,'我当年的ow就是那里考的 景色非常好 去哪里不考潜水证就是浪费啊 ','2018-05-22 23:57:00',0),(131,3,13,'看你的照片。差点以为是我认识的人','2018-05-22 23:57:00',0),(132,4,13,'说不定.......？？','2018-05-22 23:57:00',0),(133,14,14,'读大学后更是什么垃圾都有，大白天被尾随、突然停下来等你撞到他、或者是看我落单从后面追着让我等一下(老子等你原地暴毙)，穿个露肩的衣服被黏糊糊的眼神从头到脚像被扒光一样扫视了一遍(真的想戳瞎这种狗眼)。有一次和家人去某地旅游，某大型游乐园附近没什么吃的，就进了一个快餐店，几个附近工地的工人，刚开始还只是黏黏糊糊盯着我看，后来有一个干脆就拿起了手机对着我录像(用脚指头想都知道录下来做什么)，当时要不是和家人一起而是单独一人，怕是要被拖到不知道什么角落了。','2018-05-23 02:42:00',0),(134,14,14,'编辑编辑编辑','2018-05-23 02:42:00',0),(135,3,14,'尊重女性，但是这篇微簙怎么这么浓的咪蒙的味道','2018-05-23 02:42:00',0),(136,12,14,'最后提示一下广大男jrs，女生对有人偷看自己很敏感的，千万别没事瞎乱瞟。不管是喜欢的妹子(好感度会直线下降)，还是擦肩而过的妹子(别人打扮好看要么是精致对待自己，要么是女性间的竞争，要么就是打扮给喜欢的男生看的，和擦肩而过的你没有半毛钱关系)…','2018-05-23 02:42:00',0),(137,6,14,'说到被黏黏糊糊地盯着看，回瞪回去会产生更恶心的反应，不是吹口哨就是笑嘻嘻(笑你妈笑)，最恶心的层次的就是感觉视线有了交流胆子变大了直接上来搭讪，可能以为自己是吴彦祖吧！','2018-05-23 02:42:00',0),(138,4,14,'但我就是忍不住会多看两眼呀，然后满脑子浮现各种画面呀，这也控制不了呀。','2018-05-23 02:42:00',0),(139,8,14,'我觉得你这个可能是个人原因吧。女生被男生偷看两眼不是应该开心吗？反过来男生也是啊。可能是我平头哥了','2018-05-23 02:42:00',0),(140,6,14,'小学四年级刚有一点点发育，妈妈带我去看医生，一个老头子，听诊的时候*河蟹*了，不敢说，妈妈就在隔壁。高一开始就有一个老师一直叫我去办公室，上自习叫我出去说话，说是要讨论作文，每次都各种推托，有时候推托不过，有次在走廊回答他话，还看到他硬了。。。。。那是晚自习的时候。。高三去学美术，一个老师差点把我强了，我一直叫喊把师兄叫来了，他不知道可以说什么，就坐在那里看着我们，担心我出事，老师不敢说什么。后来连续一个月那个老师一直给我打电话，一天达到70多 通，几十条短信，说喜欢我，这不是错。还在宿舍楼下截我。吓得我','2018-05-23 02:42:00',0),(141,2,15,'http://www.bilibili.com/video/av23512586','2018-05-23 04:57:00',0),(142,15,15,'张学友私下居然是一个这么儒雅随和的人','2018-05-23 04:57:00',0),(143,10,15,'明明说好是三年，可三年之后又三年，三年之后又三年，我开了多少场演唱会，抓获了多少罪犯？我都快忘记我警察的身份，真的以为自己是个歌星了——张学友','2018-05-23 04:57:00',0),(144,9,15,'学友：一首《祝福》送给这位兄弟，祝他牢底坐穿啊','2018-05-23 04:57:00',0),(145,7,15,'张学友低调，谦虚，随和这不是什么秘密了吧！','2018-05-23 04:57:00',0),(146,12,15,'儒雅随和丶乌蝇哥','2018-05-23 04:57:00',0),(147,1,15,'嫌疑犯的微博找到了：','2018-05-23 04:57:00',0),(148,9,15,'还好吧，他vsk姆换了好些个，罗美薇不是善茬儿……','2018-05-23 04:57:00',0),(149,1,15,'还不讲多一次多谢乌蝇哥？','2018-05-23 04:57:00',0),(150,6,15,'便衣警察张学友','2018-05-23 04:57:00',0),(151,3,16,'拒签理由又不说，直接升华到中国人都难去，美帝教育真好','2018-05-23 07:00:00',0),(152,9,16,'美国拒签需要理由吗','2018-05-23 07:00:00',0),(153,10,17,'李安有大智慧，直根中华文明又不受桎梏，受西方文化影响而又不谄媚，了不得。','2018-05-23 07:35:00',0),(154,4,17,'华人第一，爆张艺谋冯小刚一点压力都没有 ?','2018-05-23 07:35:00',0),(155,10,17,'姜文论商业片比不上冯小刚，论艺术片比不上张艺谋。跟李安比，被全程吊打，输的裤衩不剩。不接受反驳。','2018-05-23 07:35:00',0),(156,2,17,'然后楼主翻了一下王晶的页面，竟然只有九品芝麻官是8分的，我最喜欢的赌神系列竟然都是7分多','2018-05-23 07:35:00',0),(157,10,17,'张艺谋还是比冯小刚好一点的吧？就凭着 大红灯笼高高挂，菊豆，秋菊打官司，红高粱，活着，他就已经领先一个身位了。','2018-05-23 07:35:00',0),(158,3,17,'姜文能和他一战吧，他的片子跟李安走的是两个路线，一个细腻一个豪放','2018-05-23 07:35:00',0),(159,11,17,'两届奥斯卡最佳导演足以说明一切ps：我想表达的是李安水平很高，最佳导演是对李安个人成就的肯定，没有任何拿李安和其他导演比较的意思，更没有李安凌驾于其他人之上的意思，各位不要误解呀','2018-05-23 07:35:00',0),(160,5,17,'说第二没人敢当第一的水平','2018-05-23 07:35:00',0),(161,2,18,'大家是不是耳熟能详 ','2018-05-23 07:41:00',0),(162,5,18,'这不，油钱都给你买家省了，','2018-05-23 07:41:00',0),(163,4,18,'车主多卖钱，买家少花钱，','2018-05-23 07:41:00',0),(164,2,19,'护身符送lz','2018-05-23 07:42:00',0),(165,1,19,'下次碰到你就大喊一声：喊你mlgb','2018-05-23 07:42:00',0),(166,5,19,'舍友说梦话  很正常  ','2018-05-23 07:42:00',0),(167,14,19,'鲁迅说过这是美女蛇，你回答她就会把你吃掉，叫大师给你一个会冒金光的虫蛊就好了嘻嘻。','2018-05-23 07:42:00',0),(168,6,19,'朋友 听说过安利吗？','2018-05-23 07:42:00',0),(169,7,19,'你就念一下阿弥陀佛、噩梦的话就从左往右打三下枕头吹一口气然后把枕头翻过另一边睡','2018-05-23 07:42:00',0),(170,5,20,'三轮车撞上来对方拒绝赔偿','2018-05-23 08:04:00',0),(171,1,20,'公司先赔呗，公司在每个月从工资里扣一部分，这样不就完了。','2018-05-23 08:04:00',0),(172,3,20,'我有次也是被部电动三轮撞了 对面各种狡辩 我说行车记录仪都拍到了 你去跟交警解释吧 结果围观的爷叔阿姨一起帮腔 说小伙子算了 你开宝马的跟人家计较什么 让他赔个300意思意思算了 因为那条路特别窄 后面的车都排队了 我一心软只好拿了300放他走 最后自己修了1500 这个社会真的是谁穷谁有理','2018-05-23 08:04:00',0),(173,8,20,'立马不干了，公司怎么办？结果公司莫名损失3000块，谁陪？','2018-05-23 08:04:00',0),(174,2,20,'看文章他还撞过保时捷，这哥们是干大事的人，以后迟早会怼辆迈巴赫宾利啥的。。。','2018-05-23 08:04:00',0),(175,10,20,'走法律程序，一分钱不让他少赔，这种人就欠罚','2018-05-23 08:04:00',0),(176,7,20,'干快递的流动性这么差，不可能公司给你垫的。。','2018-05-23 08:04:00',0),(177,3,21,'。。。。我还以为是另外一个罗杰斯','2018-05-23 08:15:00',0),(178,4,21,'足球天才罗杰斯吗 ','2018-05-23 08:15:00',0),(179,15,21,'地产大鳄罗杰斯','2018-05-23 08:15:00',0),(180,4,22,'但是寝室应该很铁才对','2018-05-23 08:17:00',0),(181,9,22,'大部分人的大学生活，既没有有些人说的那样刻骨铭心或是撕心裂肺，也没有有些人说的那样不堪回首或是污秽不堪，只是我们人生的一段经历，普普通通，一如我们走过的一生。有些许温暖的回忆，也有一些让自己脸红的囧事，有不想再见的人，也有藏在心底的她。多年之后，能平淡的看待，就是成长bq','2018-05-23 08:17:00',0),(182,6,22,'我们班里很多人大学四年都没见过几次，有这种必要一群不熟的人一起聚？真正关系好的一群，毕业之前自己就直接一起出去聚了，还用得着别人组织。。。','2018-05-23 08:17:00',0),(183,13,22,'个别现象而已。另外，我发现现在很多虎扑评价都戾气很重，我也很好奇，为啥这么多人有这多戾气？？','2018-05-23 08:17:00',0),(184,1,22,'大学班级走的是有点疏远','2018-05-23 08:17:00',0),(185,5,22,'另外在一个虚拟的网络论坛上张口叫别人小朋友的才是真的够幼稚，与年龄无关','2018-05-23 08:17:00',0),(186,7,22,'你真是叔叔级的就不会起这种  现在的xx都xx的吗  的标题了','2018-05-23 08:17:00',0),(187,11,22,'本人班长一枚','2018-05-23 08:17:00',0),(188,2,22,'哎，真的是这样','2018-05-23 08:17:00',0),(189,8,23,'又到了发这张图的时候','2018-05-23 08:29:00',0),(190,11,23,'谁看广东卫视？本省基本看珠江台','2018-05-23 08:29:00',0),(191,8,24,'我觉得很值得','2018-05-23 08:32:00',0),(192,5,24,'他要是能上武大金融他会选暨南大学？','2018-05-23 08:32:00',0),(193,5,24,'不是为了珠三角 是为了金融 ','2018-05-23 08:32:00',0),(194,6,24,'这种差两档的学校区位没意义','2018-05-23 08:32:00',0),(195,13,24,'PS：记得那年武大和中大差不多分数，中大去不了好专业。','2018-05-23 08:32:00',0),(196,10,25,'实战利器我给7分','2018-05-23 08:51:00',0),(197,15,25,'想，想和她打棒球！','2018-05-23 08:51:00',0),(198,13,25,'我还没好啊','2018-05-23 08:51:00',0),(199,2,25,'实战利器我给7分','2018-05-23 10:32:00',0),(200,14,22,'个别现象而已。另外，我发现现在很多虎扑评价都戾气很重，我也很好奇，为啥这么多人有这多戾气？？','2018-05-23 08:17:00',0),(201,12,30,'工资不突出职位不突出，腰间盘突出。大会不发言小会不发言，前列腺发炎。','2018-05-23 10:45:00',0),(202,1,24,'他要是能上武大金融他会选暨南大学？','2018-05-23 08:32:00',0),(203,7,31,'　【天下第一】万邦传奇!活动介绍帖：https://bbs.hupu.com/22326211.html','2018-05-23 10:07:00',0),(204,4,33,'我看女人抽烟和男人抽烟是一样的，女人纹身和男人纹身也都一样。','2018-05-23 08:25:00',0),(205,7,25,'想，想和她打棒球！','2018-05-23 10:32:00',0),(206,6,25,'我还没好啊','2018-05-23 10:32:00',0),(207,1,23,'又到了发这张图的时候','2018-05-23 08:29:00',0),(208,8,23,'你看看山东卫视你就舒服多了','2018-05-23 08:29:00',0),(209,1,23,'谁看广东卫视？本省基本看珠江台','2018-05-23 08:29:00',0),(210,4,23,'zt山东卫视特点：男的不行，女的丰胸，想生的怀不上，怀上的不想要另外再加我大蓝翔txtx','2018-05-23 08:29:00',0),(211,5,24,'我觉得很值得','2018-05-23 08:32:00',0),(212,8,24,'值得？武大毕业回珠三角都能把暨南吊打','2018-05-23 08:32:00',0),(213,4,24,'不是为了珠三角 是为了金融 ','2018-05-23 08:32:00',0),(214,9,24,'去暨南大学不去武大，，，这孩子平时过马路是不是专门把老奶奶往回拉，天天踢坏垃圾桶呀|･ω･｀)','2018-05-23 08:32:00',0),(215,13,24,'上的了武大，上不了中大？','2018-05-23 08:32:00',0),(216,10,24,'暨南大學金融，以後再考研中大金融，畢業年薪20万，幾年後年薪40不是問題，而且這邊省行後備幹部培養樓上的都太年青，武大又怎樣，專業不好，白混','2018-05-23 08:32:00',0),(217,14,22,'另外在一个虚拟的网络论坛上张口叫别人小朋友的才是真的够幼稚，与年龄无关','2018-05-23 08:17:00',0),(218,14,22,'大学班级走的是有点疏远','2018-05-23 08:17:00',0),(219,2,24,'这种差两档的学校区位没意义','2018-05-23 08:32:00',0),(220,2,24,'PS：记得那年武大和中大差不多分数，中大去不了好专业。','2018-05-23 08:32:00',0),(221,3,31,'丁丁历险记，童年啊。感谢布鲁塞尔人埃尔热。《丁丁历险记》中，惟一一个“真实的人”。就是中国少年张充仁。他的原型是埃尔热青年时代的好友，留学比利时的中国留学生张充仁。后来成为我国著名雕塑家。因为张充仁的缘故，在上世纪三十年代欧洲舆论普遍被日本宣传蒙蔽时，埃尔热在《丁丁历险记》蓝莲花一篇中，率先明确谴责日本侵略中国的罪行。','2018-05-23 10:07:00',0),(222,5,22,'但是寝室应该很铁才对','2018-05-23 08:17:00',0),(223,12,22,'我们班里很多人大学四年都没见过几次，有这种必要一群不熟的人一起聚？真正关系好的一群，毕业之前自己就直接一起出去聚了，还用得着别人组织。。。','2018-05-23 08:17:00',0),(224,12,22,'你真是叔叔级的就不会起这种  现在的xx都xx的吗  的标题了','2018-05-23 08:17:00',0),(225,6,22,'大部分人的大学生活，既没有有些人说的那样刻骨铭心或是撕心裂肺，也没有有些人说的那样不堪回首或是污秽不堪，只是我们人生的一段经历，普普通通，一如我们走过的一生。有些许温暖的回忆，也有一些让自己脸红的囧事，有不想再见的人，也有藏在心底的她。多年之后，能平淡的看待，就是成长bq','2018-05-23 08:17:00',0),(226,7,31,'讲道理孟买还是强于广州的','2018-05-23 10:07:00',0),(227,2,22,'本人班长一枚','2018-05-23 08:17:00',0),(228,8,22,'哎，真的是这样','2018-05-23 08:17:00',0),(229,10,33,'和我无关的陌生人，随意女友，妻子，不行','2018-05-23 08:25:00',0),(230,14,33,'看到抽烟女的就想到小姐 ','2018-05-23 08:25:00',0),(231,14,33,'韵味中带点优雅，优雅中带点sao味','2018-05-23 08:25:00',0),(232,11,32,'高中没有同桌，初二的同桌，不是很漂亮，有点微胖，还有点黑，我们关系还行，经常互抄作业，拿对方MP3听歌啥的……大概是2006年4月的某一天她让我把手伸进她裤子口袋，说给我分享一个东西，结果她的校服口袋是破的，从此打开了新世界的大门…后来新学期换座位之后感觉上学的日子很无趣很难捱。','2018-05-23 09:36:00',0),(233,10,32,'哈哈哈 学钢琴的是不是也是你？','2018-05-23 09:36:00',0),(234,7,21,'足球天才罗杰斯吗 ','2018-05-23 08:15:00',0),(235,13,21,'原来七岁八岁的年龄不但男孩讨厌女孩, 女孩也讨厌男孩. 这程序员为了防止早恋设计了双冗余备份的防火墙.','2018-05-23 08:15:00',0),(236,3,32,'怎么不反向让她给你输出一波呢','2018-05-23 09:36:00',0),(237,1,21,'应该是配音，口型没对上','2018-05-23 08:15:00',0),(238,14,32,'她说肚子痛，我说我有诺氟沙星，她说泥奏凯。。。','2018-05-23 09:36:00',0),(239,13,21,'。。。。我还以为是另外一个罗杰斯','2018-05-23 08:15:00',0),(240,5,32,'我女同桌老色诱我。调戏我。但是人挺好的。后来被我后面的那小子搞上了。快结婚了吧。 日了狗','2018-05-23 09:36:00',0),(241,6,21,'地产大鳄罗杰斯','2018-05-23 08:15:00',0),(242,5,4,'一个简单的回复测试\r\n','2018-06-01 00:06:59',0),(243,5,25,'','2018-06-23 11:24:57',0),(244,5,25,'','2018-06-23 11:24:59',0),(245,5,1,'hello?','2018-06-28 23:16:47',0),(246,5,1,'','2018-06-30 12:00:58',0),(247,5,1,'laojinnigebi','2018-06-30 15:35:28',0);

/*Table structure for table `t_topic` */

DROP TABLE IF EXISTS `t_topic`;

CREATE TABLE `t_topic` (
  `id` int(10) NOT NULL AUTO_INCREMENT COMMENT '主题ID',
  `user_id` int(10) DEFAULT NULL COMMENT '主题发布用户ID',
  `category_id` int(10) DEFAULT NULL COMMENT '板块ID',
  `title` varchar(255) DEFAULT NULL COMMENT '主题名称',
  `content` text COMMENT '主题内容',
  `old_reply_count` int(6) DEFAULT '0' COMMENT '回复数量',
  `pub_date` timestamp NOT NULL DEFAULT CURRENT_TIMESTAMP COMMENT '主题发布时间',
  `deleted` tinyint(1) DEFAULT '0' COMMENT '删除标志',
  PRIMARY KEY (`id`),
  KEY `fk_category` (`category_id`),
  KEY `fk_user` (`user_id`)
) ENGINE=InnoDB AUTO_INCREMENT=36 DEFAULT CHARSET=utf8;

/*Data for the table `t_topic` */

insert  into `t_topic`(`id`,`user_id`,`category_id`,`title`,`content`,`old_reply_count`,`pub_date`,`deleted`) values (1,3,3,'当年，袁咏仪面子真够大，13大明星分别和她唱歌的珍贵视频！','点击查看视频>>94年筹款晚会，那时她很红，已经是金像影后了分别和她唱歌的大咖</br>\r\n1.谭咏麟-爱情陷阱\r\n2.黎明-我的亲爱 \r\n3.叶倩文-干一杯</br>\r\n 4.郭富城-对你爱不完\r\n5.王菲-流菲飞 \r\n6.李克勤-旧欢如梦 </br>\r\n7.郑秀文-叮当\r\n8.何家劲-新鸳鸯蝴蝶梦\r\n9.郑伊健-野森林 </br>\r\n10.吴奇隆-一天一天等下去\r\n11.杨采妮-爱的魔法 \r\n12.巫启贤-心酸的情歌 </br>\r\n13.吕方-弯弯的月亮\r\n微博讨论</br>\r\n链接：<a href=\"https://weibo.com/tv/v/GhO8vnQ9Q\">https://weibo.com/tv/v/GhO8vnQ9Q</a>',0,'2018-05-22 18:11:00',0),(2,13,3,'40米，17秒 他用最帅冲刺徒手接住坠楼女孩 zt','点击查看视频>>约40米还带拐弯的路，正常人要跑到终点，同时准确无误地接住从楼上坠下的小女孩，需要多少时间？21日上午，合川区城内的蟠龙路干货批发市场监控给出答案：17秒！救下小女孩的，是永红调味品经营部老板张云。“他像电视里百米比赛中的运动员那样奔跑过去，途中还有个纸箱阻路，他又像跨栏那样越过，速度一点不受影响。”尽管已事隔好几天，市场经营户秦先生回忆起那天的情形，仍然激动不已。幼儿园方向传来“咚”的一声张云今年42岁，在市场经营干副批发生意9年多。他的店距离市场附近的蟠龙荣兴幼儿园约40米，平时他通常坐在收银台那里，抬头就能看到斜对面的幼儿园楼道口。15日中午12时许，收银台座机铃响，张云抓起话筒准备通话的瞬间，被幼儿园方向传来“咚”的一声闷响吓了一跳，条件反射地抬头看着声响来源方向，一颗心马上悬起了——幼儿园楼道口附近那扇二楼的窗户外面（一楼是门面），一个红衣小女孩出现在窗外的塑料雨棚上，正踩着雨棚迈腿，方向是离地四五米的马路。张云把话筒一扔，冲出门面向小女孩方向飞奔而去。市场的监控清晰记录了下面这一幕——12时10分38秒：张云冲出门面，往前狂奔；12时10分48秒：张云奔到雨棚下方，伸出双臂挥动比划，嘴里喊着什么，市场里有10多个人也聚在雨棚下；12时10分55秒：张云往前跑了约半步，展开双臂猛地来了一个合抱，接住坠楼的小女孩。张云接住女孩瞬间“我想变成肉垫，让她受到的伤害降到最小”“我刚跑到雨棚下时，看到雨棚上的小女孩眼泪花花的，一边喊着妈妈一边往雨棚的边缘走。我急得喊‘千万不要动’，并把音量尽量压低，但她没有停下来。”21日，张云向慢新闻—重庆晚报记者回忆起那天的情形，“以前，电视里播放消防救人时，会在楼下可能坠楼的地点铺个气垫，保护可能坠落的人。当时我的想法是，先把小女孩可能坠落的大致方位确定下来，然后如果我抓住她但无法安全接稳的话，我会就地一滚，尽量化解她的冲击力，我想变成肉垫，让她受到的伤害降到最小。”庆幸的是，张云如愿接住了坠楼的小女孩。经营户秦先生当时也跑到了雨棚下方。他说，张云接住小女孩后，惯性把他整个人都压低了三四十厘米。当张云缓缓站起来时，眼里有亮晶晶的东西。张云回忆当时惊险一幕“接住小女孩后我想哭，这是我的真心话”眼里亮晶晶的东西是啥？张云21日说：“那时想哭！”然后，他又自我剖析般说出了原因：那一瞬间，若徒手没接住，小女孩发生意外，他无法原谅自己，哭是怨自己无能；那一瞬间，站稳身形后，他惊喜小女孩安全无恙，哭是喜极而泣。“接住小女孩后我想哭，这是我的真心话。当我知道我做到了后，泪水突然在眼睛打起转来。”张云说，现在回想起来，他当时只是干了一件义无反顾的事罢了。市场监控显示，15日12时11分16秒，幼儿园园方工作人员从通道跑出来，奔向坠楼后被张云徒手接住的小女孩。事发当晚，张云感觉腿部有些刺痛。医生告诉他，这跟他徒手接住坠楼小女孩瞬间，肌肉被猛地拉伤有直接关联，但无大碍。16日，小女孩在父母带领下来到市场，感谢张云的义举。那时张云才知道，小女孩3岁多，体重近20公斤。小女孩的父亲目测，女儿坠落的高度约5米。“上完厕所发现门打不开，就从窗户翻出去”小女孩为何出现在窗外？发生坠楼险情园方为何不知道？21日下午，小女孩的父亲陈凌接受慢新闻—重庆晚报记者采访时介绍，女儿在该幼儿园上小班，当天有些闹肚子，吃完饭后给老师说想上厕所。在他的印象中，女儿自理能力强，平时在家都是自己上厕所。“老师可能是忙着照料其他娃娃吃饭，就默许了她自己去上厕所。当天回家后，她一直很害怕，说上完厕所后发现厕所门打不开，就从窗户翻出去。掉在雨棚上后，她被吓哭了，就想找妈妈……感谢张哥救了她，否则我们一家今后的生活会变成啥样，我真不敢想。”陈凌说。事实是否如陈凌所说？该幼儿园保安称“所有领导都不在”，负责坠楼小女孩的涉事班级老师“被永久辞退了”。“他们道了歉，承认监管不到位”21日下午，慢新闻-重庆晚报记者在现场看到，事发窗户已经被新安装的金属栏杆封牢。陈凌称，当天中午，园方给他打电话说女儿出了事，让他马上来幼儿园。他赶到后得知女儿坠楼的事，“他们道了歉，也认识到错误，还买了一些慰问品。沟通中，他们承认监管不到位。”慢新闻—重庆晚报记者向该幼儿园园长青春了解此事说明该园在安全监管方面有哪些缺失？今后如何防范类似事件？对方答复很忙，稍后会主动联系。截至21日晚发稿，她没拨来电话。合川区钓鱼城街道办事处教管中心刘女士分管辖区幼儿园工作。她介绍，该幼儿园属民办，事发当天下午，教管中心工作人员赶到幼儿园了解事发经过，责成园方对涉事教师作出处罚；在排查含涉事厕所及其他安全隐患过程中，发现园内消防箱无消防水带，责成立即整改。21日傍晚，合川区教委传来消息，区教委对此事很重视，除督促蟠龙荣兴幼儿园做出详尽整改外，不排除对该幼儿园降级。来源：网易新闻',0,'2018-05-22 11:31:00',0),(3,10,4,'分开五年的初恋，突然说要嫁给我。','不是标题dang，我和她是高中谈的恋爱，11年谈的，14年2月12中午电话分的。因为当时她在厦门上大学，我在合肥，她是艺术生，大学宿舍里面都是穿的名牌什么的，我穷学生没钱。 曾经为了给她买一个手镯，500多块钱。我半个月没吃早饭晚饭，饿得喝自来水。毕业后，我和她也偶尔有联系，她谈了一个男朋友，（后来不知名原因，去世了）。她这两年也偶尔和我表达想重归于好的想法，而我 对于她抛弃我也是如鲠在喉，可是对初恋的情怀让我也想试一试。就这一直拖着，今天早上她给我发了这些，我一时半会不知怎么做。也想听听局外人分析下她的想法。谢谢  不是肚子里的孩子瞒不住了，她去年就问过我结婚的时间，这几年也就偶尔朋友圈互动下，几个月微信也没聊过。她前几个月来合肥，我接了她一次。 我和她是一个地方人，不过她现在在厦门，我在合肥。其实，我后来找的女朋友，都是找像她的。PPPPPPS未曾想，小弟的情感问题吸引力这么多的兄弟姐妹的回复。无论是调戏还是那些用自己的亲身经历给我引路和用心回复的jr 谢谢。说一下现在的情况  我把她劈腿的事给她说了 她转画风说我当时也说很多人追我。 我就没有再想继续聊的意思了。然后她大概半小时前问我这么冷淡，我也没回了。有些事可能只有自己经历的才能有感觉，你说她回头我会不会心动，肯定会，那可是我朝思暮想每次难过的时候都想到的人啊 我会不会回头，我不会，那也是给了我至今为止最痛彻心扉感觉的人我也不恨她了 早就不了 是她让我每次想放弃的时候就咬牙告诉自己 坚持下去 一定要。其实吧 在两年前，我和她许久许久没联系，第一次聊天的时候，我以一个刚出社会的人的身份告诉她要好好学习。她的回复让我五体投地，我那时候截图了，发出来供大家一悦吧',0,'2018-05-22 14:06:00',0),(4,10,4,'泰国自由行总结＋攻略（曼谷＋清迈）','首先要说明一点，之前我们已经去过曼谷一次，类似大皇宫这一类的景点已经去过，而且我和我媳妇对人妖成人秀这一类的东西不感兴趣，所以这次没有去过类似的景点，这次去主要就是以感受泰国生活为目的。No.1简介本次我们的目的地是曼谷＋清迈，泰国的每年11月起至次年3月左右是干季，其他是雨季，常年气温26度～33度，另外6～8月会特别热（不过泰国公共场所比如商场，机场，飞机，大巴的空调开非常足，感觉和不要钱一样，注意得带长袖）。大部分泰国人都会说一点基础的英语以及一两句汉语，中国人常出没的商场基本都会有中文导购，自由行的话，基本会一点英语＋翻译软件就没啥问题了，翻译软件我用的百度翻译官，可以语音直接翻译。泰国遍地都是711，类似国内全家的便利店，基本什么都有卖的，很方便。这是711便利店里阴阳师的广告，当时都惊了哈哈泰国菜口味以酸辣（冬阴功汤）＋甜（芒果/榴莲糯米饭，各种水果饮料）＋咖喱（咖喱炒蟹/虾，绿咖喱鸡肉）为主，各种商场里日餐西餐也很多，也有中餐韩餐。泰国是小费制国家，一般服务型行业都需要给点小费的，酒店每晚20',0,'2018-05-22 16:23:00',0),(5,7,2,'本世纪最年轻富二代网上炫富把妈妈工作炫丢了，到底是娃坑妈还是妈坑娃？zt','最近国外有一个9岁的小女孩“火了”，她的名字叫Lil Tay维基百科上说她是一个说唱歌手，正儿八经发过好几张单曲的那种在她本人的ins上也可以看到一些和rapper们的合影要说这个小女孩为什么突然“火了”呢？原因很简单，她做了一件非常博人眼球的事情：炫富她的ins上发出来的照片只有三种类别，一种就是和rapper的合影，一种是手捧巨额现金或者背一个超级显眼的大大的驴牌还有一种是坐在豪车里更简单粗暴一点的就是坐在豪车里数现金除照片以外她还录制了很多视频，内容都是她从豪车里走下来对着镜头说唱，说唱的内容当然也是炫富。比如，她曾在一个视频里这样说：“哟，Lil Tay住六星级酒店，我有iPhoneX，你们这些穷鬼有什么？你们还在用iPhone5.你们上大学的学费被我用来喝酒，我还有一个Gucci的除尘滚，这玩意儿值老钱了，而我就用它来怼你们的穷屁股。这iPhone花了我两千刀，你们肯定没见识过这样的生活。你们永远也过不上我这样的生活。Lil Tay就是有钱。”满嘴脏话，赤裸裸的炫富。Lil Tay在推特上也是出口成脏的画风如果不看视频，很难想象这些话出自一个9岁女孩的口中。她自称是本世纪最年轻的富二代，经常强调自己还没有驾照，但照样可以开豪车。在她ins最新的一条视频中，Lil Tay从一辆法拉利上下来，举着一条大金链子说：“我有一条价值35万的项链，你们大概一辈子都没见过这么多钱。”另一条视频里她为了证明所开的劳斯莱斯真的是她的，还朝着车门猛踹了几脚。她的ins账号里一共只有19条发布，却已经拥有了一百八十万粉丝。小女孩、炫富、脏话连篇，确实非常博人眼球，想火她是做到了。但随之而来的全是质疑和辱骂“Lil Tay本世纪最年轻的富二代，快TM闭嘴吧”“如果你也讨厌Lil Tay，请点赞”“天呐你真是个糟糕的小孩，就是因为有你这样的熊孩子才会让人觉得00后都有病。给你个建议，不要再熊下去了，学点礼貌快TM成长起来。谢谢”“大家不要慌，这一定是一个安全套广告”网友也都很好奇，这娃这么个做法，她父母不管管吗？结果最近就有新闻说，她妈妈因为Lil Tay拍的那些炫富视频，被公司炒鱿鱼了。。。她妈Angela Tian本来是一名房地产代理人，据公司负责人表示，他们公司决不能姑息这种不教养孩子的行为，已于上周把Angela Tian开除。本来故事到这里就该结束了。但有两名记者深入调查了一番后发现，事情根本就没那么简单。在Lil Tay的许多ins照片上，她都标记地点为比弗利山庄，同时她也在视频里多次说过自己住在这里但调查显示，Lil Tay的母亲是在温哥华的一家房地产公司工作，常年居住在加拿大。也曾有网友在Lil Tay的某条标记为比弗利山庄的视频里认出，拍摄地点正是温哥华某房产公司的停车场。进一步挖掘后他们发现，Lil Tay声称自己名下有五套房产，其实都是挂牌在她妈妈工作的公司出售的空房，并非他们家族所有。于是他们推测，Lil Tay根本就不是什么富二代，这一切都是她妈妈精心策划的，为的就是要让女儿火。原来这是一个比富二代养不教更悲哀的故事。原文链接：http://www.sohu.com/a/232279259_100144082',0,'2018-05-23 08:56:00',0),(6,10,5,'一字马劈叉！程潇这波cos春丽棒球赛开球什么水平？ zt','点击查看视频>>一字马劈叉！程潇这波cos春丽棒球赛开球什么水平？视频链接：https://weibo.com/tv/v/GhPja9vok',0,'2018-05-22 21:57:00',0),(7,11,3,'现在找接盘侠都这么直接的吗？','别的群里看到的，有点懵。',0,'2018-05-22 19:59:00',0),(8,13,4,'跑男要来我们学校拍摄了，这一波要求什么水平？','楼主今天朋友圈，空间逛了逛，发现大家都在疯狂发跑男要来我们学校拍摄的事情。还流传两张图片，这波要求什么水平？福利就上今天一早醒来，帖子上推荐了，特意上电脑编辑一下，谈谈我的看法，首先，一些认为大学是一片净土，不容侵犯的哥们大可不必大书特书了，学校从来就没有和娱乐划等号，一个包容，开放的校园，作为生活一部分的娱乐节目，在校园里拍摄，从来不是什么新鲜事，更谈不上被侵犯，抑或泛娱乐化云云。首先我并不追星，但是仍然不会否认，一些大热的综艺节目从来不需要任何学校来提升知名度，他们吸引人的永远是请了哪些嘉宾之类的。当然我在此尊重有拒绝节目拍摄院校学生的看法，至于从中获得了自豪荣誉感，那便是再好不过了。首先一些认为我校“不务正业”，“中国的大学怎么就这样了”之类的jr，我觉得你大可放宽心，我校从来没有放松一丝对于学术的追求，科研投入从来不是小数目。也为国家做出过并一直在为国家做出贡献。无论跑男拍不拍，这一点从未改变。最后对我校校友说几句，学校在科研上面从来不缺乏投入，也从来不缺乏成果，但仅凭这些无法在很多非专业群众中获得名声，前面就有过在某省出现断档，在南方地区知名度不高的问题。我们想必也不在希望以后的学弟学妹们不用再玩“天津大学，天津什么大学的梗了” 也同样不希望学校享受不到与其实力成正比的名声。这只是其中一个提升知名度的契机，应该好好利用。至于说去哪学习的同学，33教，50教等地从来不缺乏空旷明亮的教室，再不济隔壁同学说了：你们说没地方学习，来隔壁啊！我想这不失为一个好建议，你要说这不行那不行，我严重怀疑，你不是割舍不下那个图书馆，只是割舍不下那个不走流量的tju-lib 吧！福利上一些海棠节照片和他们要拍的 图书馆和体育馆照片吧！',0,'2018-05-22 22:07:00',0),(9,13,4,'毕业聚会就我一个参加什么水平','5月27号答辩，老师和我们系里几个班长计划答辩完搞个聚餐，大家一起聚聚聊聊，这是每年的传统。我一开始以为我那个班都会来，毕竟快毕业了，以后想聚就难了。我还是太天真，今天下午把事情和他们说了，没多少人说去的，说去的几个刚才又跟我说工作忙不去了，好嘛，一个班29个人就我一个去。我真觉得我当班长是无比失败的，我本来这个点要睡觉了，现在躺在床上怎么也睡不着，大家四年同学，为什么临近最后一个聚餐都不来呢？我又想到，今天上午去饭店订位置，点菜，这个便宜，这个好吃，那个太贵了不实惠不点，加几个素吧，这个点心不错，菜有几个了？不太够呀！一桌十个人这点菜不够吃吧？现在觉得一切都毫无意义好了，我一个班长代表全班去参加系里的聚会，什么水平？',0,'2018-05-22 22:43:00',0),(10,8,1,'因为一盒2块钱的菠萝，女朋友和我生气了说我不够爱她没。jr们看看到底是为什么?？','我和女朋友都是大二学生，都在沈阳上学但不是一个学校一个月也能出去住一次，就在上次晚上我俩逛街她说她想吃菠萝，我就带她去兴隆大家庭（我们那里比较大的连锁超市）到了水果区，我就看见促销员在喊菠萝打折两元一盒我一看挺好的菠萝还卖这么便宜，我就问促销员为什么这么便宜，他说这种切片好的盒装菠萝卖不出去明天就会坏原价都是十块的。我也感觉确实合适正好一会就吃了也不浪费，我就买了，结果女朋友就生气了。我感觉我这做法也没错呀，是我太抠了么？附上聊天记录',0,'2018-05-23 08:53:00',0),(11,15,2,'不懂就问，有没有人类能打得过这个生物','这玩意看着真的有点可怕啊，这手臂腿部的肌肉，这简直一个大肌霸啊这玩意，那问题来了，到底有没有人类能够打得过这大猩猩啊，当然是徒手啊，比如魔山什么都有可能没？',0,'2018-05-22 22:59:00',0),(12,12,1,'刚刚在公交车上险酿成大错！','      坐标成都，刚在公交车上，因为闷热我将窗户打开一点，结果后座的一对老头老太太恶狠狠把窗户关上，还对我恶语相向。我忍了一下坐到一边，没想到二位操着浓重的东北口音（这里不是针对东北的朋友，只是陈述事实，我遇到的很多朋友都是东北人都还不错）一阵污言秽语，我还没来及还嘴，那个老头就直接冲过来掐我脖子，差点把我掐吐。我一把推开他又一次掐我脖子，还要踢我，幸好司机及时停车制止。我躲至后座越想越气，正想拿起灭火器把这老不死的脑浆打出来，突然想起父母说过在外不要生事，愤懑之时恢复理智，忆起曾经看的医书，这老不死的看着硬朗，实际上夏夜畏风，是肾水自溢阴虚之兆，燥怒好武，是心火过旺阳盛之态，阴虚阳盛，灭心火则促肾水，疏肾水则心火欲盛，恐是中风中猝之症，已是神仙难救，三年之内必赴黄泉，遂提前下车散步归家，下车前还是对其说道“cnm死nm的老红wei兵”，后下车遁走。此外，车上除了司机也没有人主持公道....没什么心情了，将就两张福利吧....',0,'2018-05-22 23:14:00',0),(13,1,5,'单人自由行马来西亚＋热浪＋仙本那攻略，知无不言！','去年9月辞职考公＋分手，所以抽空去马来西亚散了散心，第一趟先是去了吉隆坡＋马来热浪岛7天7晚自由行。一、交通。机票：本人广西JR，机票提前一个月到两个月在亚航官网订，往返吉隆坡950＋，从吉隆坡飞热浪岛所在地登嘉楼机场是250＋当地的滴滴叫做Grab，挺好用的，是目前安全系比较高的打车软件，在吉隆坡机场很方便接机送机都可以在某宝搞定，100能搞定从吉隆坡国际机场去市区坐轻轨比较方便，也不是太久，大概50分钟能到市中心。二、住宿吉隆坡转机那一晚我住的是机场旁边的图恩酒店，在booking上面订，这里需要注意，因为现在国内飞吉隆坡都是在KL2航站楼，所以新的图恩酒店就在KL2旁边，走路就2分钟，不过贵一点，300＋一晚，有个旧的图恩在旧的KL航站楼，两个酒店有往返的大巴，不过整点才有，这个需要提前预约，如果不预约去旧的KL图恩坐grab也就35马币。在吉隆坡市区就随便找想去的住吧，在booking订也不贵，建议最好住在交通便利的火车站，唐人街，阿罗街附近，或者双子塔附近也行。在热浪岛的住宿我是在某宝的猪上面订的，热浪岛最好度假村叫做拉古娜度假村，我自己去了4天3晚，2580，包括每天2次浮潜＋包吃，包登嘉楼的接送这是热浪的照片三、吃推荐几家出名的好吃的吧，首先是唐人街的福建面还不错，看着重口味，其实挺香的，还有猪油渣这个是老鼠粉，叫做胜记瓦煲老鼠粉，其实是粉长得像老鼠的尾巴而得名，这个很惊艳，滑滑的，而且很香，推荐指数5星还有一个是阿罗街的鸡翅，这个人也超多超出名，说是东南亚第一鸡翅，不过个人觉得一般喜欢的可以去试试，反正都到那边了还有一个叫做四眼仔烤鸭，也很棒，很入味，也在唐人街（茨厂街）只买到下午2点四、玩我是个吃货，所以就光吃了，玩只去了双子塔总结:度假村就适合情侣去放松＋度蜜月的，很悠闲，待久了也会腻，因为岛上一日三餐就是自助餐，虽说种类也很丰富，然后娱乐项目就是出海浮潜，所以推荐情侣或者想去放松散心的人，人均4500＋至5000能搞定之后就是仙本那了！！强烈推荐！！！！！！！！！！！强烈推荐！！！！！一、机票就不重复了，就是从吉隆坡去斗湖机场往返需要大概400到500＋，然后斗湖接机去仙本那的接送机在某宝也有，40一个人，从斗湖去仙本那坐车需要60到70分钟，这个自己规划一下就好二、住，因为我是一个人，所以我这次体验了仙本那小镇上的青旅，80一间，环境很棒，当然也有酒店，大概200＋一人三、重点来了！！重点来了！！！重点！！！玩仙本那是个临海的小镇，去仙本那有3个玩法，适合不同的人，我一个个说（一），跳岛，费用体验深潜500一个人顾名思义，跳岛就是在仙本那周边几个岛出海玩，我是在某宝上订的当地一日游，我待了3天，3条跳岛线路我都走了一遍，因为没有ow潜水证，我体验了深潜，因为我水性比较好，一对一的教练带我潜了14，15米这样，水底真的是另外一个世界，很美，可惜我自己一个人，没人帮着拍照，哈哈（二）度假村仙本那周围岛上有很多度假村，什么马达京，马步，邦邦岛，卡帕莱岛，因为跳岛游，这些岛我也都去过，加上遇到了熟人，他们去的卡帕莱，综合我最推荐也是最惊喜的是马布岛度假村，某宝上要提前预定，这是马布岛的景色，真的美，同行的人去过马代。如果苏梅，去过澳洲，都说这个海是无敌的，马步岛在某宝上大概3天2晚+无限次浮潜+自费几百块体验深浅也是3300+左右可惜ip6尽力了总结，这次仙本那的自由行是最完美的一次旅行，单人花费也很值得，如果是在镇上跳岛+住在镇上，费用大概6000-7000+一个人包括吃住行了，如果是度假村的话，就是大概7000-8000一个人，如果是考证就多加1500-2000一个人的考证费用就行，每个岛的度假村每天都分配了名额不够图片了，下面楼继续发',0,'2018-05-22 23:57:00',0),(14,9,4,'关于被性骚扰的问题','编辑了',0,'2018-05-23 02:42:00',0),(15,10,1,'张学友接受采访亲自回复逃犯被抓','还不快说声多谢乌蝇哥http://www.bilibili.com/video/av23512586',0,'2018-05-23 04:57:00',0),(16,11,5,'美国是不是中国人最难去的国家?','我在美国读书，暑假来临，我们学院几个中国学生邀请他们父母来美国玩，结果签证全被拒了，一个过的都没有。。(其实还有个人的父母在北京有好几套房，也被拒了)',0,'2018-05-23 07:00:00',0),(17,5,4,'李安是什么水平的导演，看他豆瓣评分高的可怕啊……','楼主很少看电影，所以对李安不是很了解，只知道他在全球地位很高，享誉盛名，拍了很多片。后来楼主在豆瓣看断背山，偶然翻到他的页面，往下看真的被惊到的。豆瓣评分真的高的可怕啊，8分到9分的电影一大把，无论是国内还是国外。而且跟他合作的演员都是顶级咖位吧，比如发哥，梁朝伟，汤唯，章子怡。外国的也有希斯莱杰，安妮海瑟薇，詹妮弗康纳利等等。看完他页面真的被惊到的，不过话说回来他是个什么水平的导演，大家对他什么看法？但福利总冠军教头',0,'2018-05-23 07:35:00',0),(18,15,3,'常州女子在瓜子网买二手车，出门3公里烧得不成样！结果却投诉无门','瓜子网二手车的广告 大家是不是耳熟能详 没有中间商赚差价 车主多卖钱 买家少花钱 创办一年 成交量就已全国领先 这几句广告词 谁听了能不心动？ 可 ！ 问题来了 ！！ 今年1月份 市民季女士一心动 就通过瓜子网 买了一辆铃木奥拓小轿车 可还没开满三个月 车子就烧起来了 ！ 我滴个乖乖 这车烧得哟 车头全毁 骨架也稀巴烂了 简直太吓人啦 ！ 一想到当时的情景，季女士都觉得后怕得不行！她说，要不是左邻右舍全来帮忙，及时控制住了火势，不然后果不堪设想。季女士购买这辆二手车时，车子显示里程数是1万多公里，谈下来车价是3万块钱，合同是签的是电子版。那么，新买的二手车就烧成这样，损失谁来承担呢？她告诉记者，当初之所以这么快下决心买车，就是看中对方的服务：“销售人员说，给3000块钱平台费，到时车子出问题肯定是找我们平台的。”3000元平台费出了，就可以定心了吗？事实往往事与愿违！问题一出，季女士马上打400售后客服电话，结果人家把责任推得干干净净！双方对话如下：瓜子汽车服务（天津）有限公司售后人员：我们总部说这个不在理赔范围季女士：我出3000块钱平台费，就是看中你们平当时承诺有问题可以找你们，现在又说不在理赔范围，那我3000块钱为什么要出给你们呢？售后人员：那是一年两万公里，13大项系统的质保季女士：当时销售卖车子的时候都没有讲，只是发消息说有问题就可以找你们，你们这样给出的答复我是不能接受的售后人员：但这确实不在我们的理赔范围，我们合同上都写得很清楚的买车前客户是上帝 出了问题就“不在理赔范围” 季女士这才明白 所谓的没有中间商赚差价 实际上就是那笔平台费 羊毛出在羊身上 那么，季女士要怎么维护自己的权益呢？连线记者就此咨询了律师。律师表示，像这样的买卖合同只对商家有益，如果消费者要维权，肯定是有难度。不过，查明原因，如果能表明这是厂家的责任或者是出卖者的责任，可以要求索赔。想想这整件事 再看看瓜子网的广告词 是不是有点可笑 特别是下面这句话 ↓↓↓↓↓ 说得好不如做得好 相信此时 孙红雷的表情是这样的 二冠还是要提醒一下大家 买汽车之类的大件商品 还是尽量到实体店购买 避免出现这样投诉无门的尴尬局面 ',0,'2018-05-23 07:41:00',0),(19,8,2,' 半夜睡醒听到一个陌生的声音叫我','昨天晚上睡到半夜，突然醒了，然后就听到有个人叫了我一声，当时室友全部睡着了，大概是半夜三四点的样子吧，宿舍睡觉有开门的习惯，我就睡着门的左手边靠门的第一个，比较迷信，各位老哥能否解释一下，现在回想起来恐怖的一逼，叫我的声音还是女声，恐怖的一逼，是不是要苦念一天的阿(ē)弥陀佛，轻tx',0,'2018-05-23 07:42:00',0),(20,14,3,'zt三轮车撞宝马，三轮车主：“你那么有钱，为什么非得叫我陪”','杭州滨江的黄女士反映，5月9号，她开着宝马车回到小区，结果被一辆送快递的三轮车撞了。三轮车撞上来对方拒绝赔偿黄女士：“一边骑着三轮电动车，一边玩手机，当我发现他的时候，一直在摁喇叭，我就停下车来，结果这个时候，他仍然没有反应过来，然后就直接撞向了我的车。”监控显示，黄女士驾驶宝马车行驶到一个丁字路口时，一辆三轮车迎面开过来，期间宝马车停了下来，三轮车没有减速，一下子撞了上去。目前，黄女士的宝马535GT已经修好。她说发生碰撞后，宝马车左前车灯外壳破碎，咨询4S店后，说车灯部位是整套的，都要更换，大概要13000多，对方拒绝赔偿，黄女士报了警，三轮车驾驶员的哥哥也赶过来了。交警：快递员能力有限尽量先协调黄女士：“交警的意思是你们先协调，因为这个快递员年纪也比较小，而且能力确实有限，尽量不要让他承担错误的时候，不要造成生活上的压力。”交通事故认定书显示，三轮车驾驶员低头玩手机没注意前方轿车，负主要责任。协商一致：修理厂维修4000块黄女士说，三轮车驾驶员只有15岁，协商后她打算去修理厂维修，要4000块钱，小伙子和他哥哥都同意了。对方又反悔了：你这么有钱，为什么一定要我赔黄女士：“当时同意以后，交警就让他当天赔偿给我，让我去修车，但是他在这里滞留一天，又表示不愿意赔偿，他叫了网点经理过来，当时交警是要把这个快递车扣下来的，后来这个经理一紧张，说愿意借他一千块，把这个车先带走，给我一千，但是现在仍然欠我三千。” 事故当天，黄女士自费把车灯修好了。黄女士说，小伙子的哥哥答应一周内把剩下的三千块钱还给她，约定日期到了，黄女士打电话过去。黄女士：“撞我的这个孩子15周岁，不满16周岁，他跟我讲，说你这么有钱，你也不差这点钱，为什么一定要让我赔，而且说上次撞了保时捷都没有赔这么多，你为什么让我赔这么多。”三轮车驾驶员的哥哥王伟：“都是出来打工的，我今年刚到这边，（你弟弟也是圆通的快递员么？）他不是的，他在找我呢，我去送件，他找不到路，在找我呢，当时我去送件了。” 王女士说，事发当天，他把三轮车驾驶员哥哥的身份证扣了下来，打算还钱后归还。联系上驾驶员的哥哥，对方表示自己手头困难，拿不出这些钱，没说几句就挂了电话。快递网点负责人：尽量把他留下来从工资里面扣王女士找到了圆通快递网点，负责人不在。圆通快递滨江西湘路网点凌经理：“他哥是我们的员工，带他弟弟去玩，把车撞掉了，我跟交警说，我说这个三轮车值1000多块钱，如果车子扣掉，我还要去买，如果不扣，我先借她1000块钱，把这个事情先处理下，我跟车主也说了后期的话，我把他哥留下来这里做，从工资里面慢慢扣。” 这位凌经理表示，事故中的三轮车是他租给驾驶员哥哥用的，对方也只有18岁，目前还在试用期，没有签订正式的用工合同，这事他也很为难。圆通快递滨江西湘路网点凌经理：“他才来一个星期，现在我就跟他说尽量留下来，我说你把人家车子碰了，我就吓他，说人家找到我这里来了，你要做的，我尽量把他留下来，留不下来我也没办法，因为外地来的人，我也没法控制他。”王女士：不能道德绑架王女士：“我也可以不要求他赔偿，但是犯了错误之后，以我穷，就不应该问我要赔偿，这个理念，让我很气愤，所以我这个必须要经过正常法律途径，还有媒体，让更多的人知道，不能道德绑架的。”PS:有钱不是原罪，做错事要敢于承担！这兄弟俩该好好补上这一课！ZT:http://news.ifeng.com/a/20180522/58406255_0.shtml',0,'2018-05-23 08:04:00',0),(21,15,4,'ZT金融大鳄罗杰斯秀女儿：她们打工去教中文，每小时25美元呢，这中文打几分？','点击查看视频>>【金融大鳄罗杰斯秀女儿：她们打工去教中文，每小时25美元呢[酷]】5月21日，金融大鳄罗杰斯在一档电视节目上被问及财产分配问题时，猝不及防地秀起他的中国通女儿们！他骄傲地表示，原以为14岁的大女儿会去麦当劳打8美元每小时的零工，结果她去教中文，每小时能赚25美元！这中文可以打几分？',0,'2018-05-23 08:15:00',0),(22,8,1,'现在的大学生关系已经这么恶劣了吗？','刚才看到一个大学班长发帖说最后的班级聚餐同学们都不去。',0,'2018-05-23 08:17:00',0),(23,9,3,'经济总量第一的广东省，为什么广东卫视却这么差呢？','经济总量广东场面稳居第一，人均gdp也是排名前列 而像经济比较发达的江浙沪包邮区，各式各样的节目，一些热门电视剧也基本都在江浙沪和湖南卫视播出，反观广东卫视各方面都比较差，甚至和西部地区的电视台差不多',0,'2018-05-23 08:29:00',0),(24,9,4,'为了珠三角的211放弃去武汉大学是不是很不值得？','实例某高中隔壁班的同学，我们学校前二十基本都上了985，211的只有一个上财，一个华中农业王牌专业，还有一个隔壁班的同学拿着全校前十的分去了暨南大学金融，他的分完全可以上武大普通专业，tongxue都认为不值得，武大录取分高30分吧，而且暨南大学排名才60多…为了珠三角真的值得吗',0,'2018-05-23 08:32:00',0),(25,13,5,'【秋名山论美】第295期一棒出道！神挥击棒球OL女神：稻村亚美，你的虎扑评分是多少','简介：',0,'2018-05-23 10:32:00',0),(26,15,4,'初中毕业的表姐的字什么水平，能不能碾压五成jr   肯定是碾压我了……','乱入的丑字是我的……',0,'2018-05-23 09:12:00',0),(27,10,2,'我室友520送了我一块豪表，这是什么情况？','我大学寝室只有两个人，毕业后我们在一个单位，他当时还没买房子，就在我家住了半年，现在他已经结婚生女，平时和我的关系也非常好。5月17日他问我最近在关注那块表，我就微信发了图给他。',0,'2018-05-23 09:02:00',0),(28,7,4,'不评论，高晓松这段言论大家有何感想？',NULL,0,'2018-05-23 06:34:00',0),(29,7,4,'古人污起来，连小动物都不放过！ zt',NULL,0,'2018-05-23 10:22:00',0),(30,10,5,'耐人寻味的事件','随着用人单位对员工健康的重视，很多单位每年都会组织员工进行体检，我公司也毫无例外。就是两周前，大学毕业没多久的我得到了入职公司的体检福利单，字里行间我突然瞅到了“指检”这俩字，裆下菊花一紧。回想一下，此生还是头一回做这种羞羞的检测，不过既然是公司免费的福利，做做看吧，反正身体健康就行呗！',0,'2018-05-23 10:45:00',0),(31,1,4,'【天下第一】万邦传奇！预选赛第一轮Day2：孟买VS广州！里斯本VS南京！','　【天下第一】万邦传奇!活动介绍帖：https://bbs.hupu.com/22326211.html　【天下第一】万邦传奇!预选赛Day1：https://bbs.hupu.com/22335178.html　　预选赛第一轮Day2　　预选赛投票时可参考的假想规则如下：　　1、请各位JR参照该城市的经济实力投票　　2、请各位JR参照该城市的历史人文形象投票　　3、请各位JR参照该城市的旅游景点投票　　今日对阵布鲁塞尔VS香港;里斯本VS南京迪拜VS奥斯陆;孟买VS广州卢森堡VS波哥大;多哈VS卡萨布兰卡釜山VS加尔各答;华盛顿VS开普敦',0,'2018-05-23 10:07:00',0),(32,14,5,'高中女同桌，有哪些让你难忘的行为？','记得高中有一年夏天和班上一个女生分到同桌，以前没和那个女生说过话，也不怎么注意她。当同桌也不怎么和她聊天，但是发现她有个怪癖，喜欢拖鞋把脚露出来，关键夏天她还不穿袜子，味贼大。妈呀，我记得当时心里真的是mmp，又不好意思说出来。于是上课我就把我的课桌搬到过道旁边，挨着我的好哥们聊天。那味道，我感觉我永远忘不了。',0,'2018-05-23 09:36:00',0),(33,2,4,'大家如何看待女生抽烟的问题?','楼主先来，自己不太待见女生抽烟，不管是陌生女生还是熟人。女生抽烟会总会让我觉得有一种不好的感觉，就像看到女生纹身一样……对于抽烟的女生往往避而远之，不想接近是我太传统了吗？虽然我单身，但是我想如果未来我的女朋友或者老婆女儿抽烟的话，我是绝对不能容忍的不知道大家怎样看待女生抽烟的问题，大家能容忍自己的女朋友或者老婆抽烟吗？如果她们抽烟大家会怎么做呢？福利就上我詹吧',0,'2018-05-23 08:25:00',0),(34,12,5,'2017届大学生平均工资超6.6万 互联网行业薪资增长最高 zt','2018年5月19日讯，5月18日，招商银行联合美世发布了《中国薪酬福利白皮书》。上述报告称，2017年，一线城市工作的985/211院校应届毕业生的基本工资起薪平均值，根据专业的不同，是在6.8万到9.8万之间，而非985/211院校应届毕业生则在6.6万到9.1万之间。普通高校不同毕业生中，与2017年相比，2018年一线城市本科应届毕业生的起薪涨幅最大，为6.1%。刘航/资料图薪酬方面，一线城市薪酬变化是国内关注的对标风向标。报告显示，2017年，一线城市实际的薪资增长率为5.8%。其中，非制造业比制造业高了0.5个百分点；互联网行业以8.1%增长居首。2018年，全国普通高校毕业生人数首次突破800万大关，预计将达到820万人。如何在这一巨大人才库中寻找到合适员工，仍需在校园招聘时不断摸索和投入。报告指出，在现实环境中，“薪酬、福利、工作生活、职业发展”的传统薪酬方案和一刀切的福利难以帮助企业吸引和保留关键人才。此外，报告还表示，企业2018年有五大员工福利趋势与挑战，即福利数字化、个性化职场、健康管理、人力分析与福利沟通战略化。尤其是，随着90后成为职场主力，给员工提供选择权和弹性是主流趋势。招商银行副行长刘建军表示，《中国薪酬福利白皮书》不只是为解决企业人力资源管理的痛点，帮助企业合理配置劳动力，更是招商银行为广大企业客户提供的薪酬福利一体化的创新服务。据悉，目前，由招商银行提供代发工资服务的企业有几十万家，同时有几千万客户正在享受招行提供的“开薪服务”。来源：北京晚报 记者 袁璐http://news.ifeng.com/a/20180519/58367154_0.shtml',0,'2018-05-23 09:42:00',0),(35,7,2,'今天天气不错','希望明天下雨！',0,'2018-05-29 23:00:06',0);

/*Table structure for table `t_user` */

DROP TABLE IF EXISTS `t_user`;

CREATE TABLE `t_user` (
  `id` int(10) NOT NULL AUTO_INCREMENT COMMENT '用户ID',
  `username` varchar(50) DEFAULT NULL COMMENT '用户名',
  `password` varchar(100) DEFAULT NULL COMMENT '密码',
  `nickname` varchar(100) DEFAULT NULL COMMENT '昵称',
  `sex` varchar(2) DEFAULT '男' COMMENT '性别',
  `avatar` longblob COMMENT '头像',
  `email` varchar(100) DEFAULT NULL COMMENT '邮箱',
  `admin` tinyint(1) DEFAULT '0' COMMENT '是否是管理员',
  PRIMARY KEY (`id`)
) ENGINE=InnoDB AUTO_INCREMENT=16 DEFAULT CHARSET=utf8;

/*Data for the table `t_user` */

insert  into `t_user`(`id`,`username`,`password`,`nickname`,`sex`,`avatar`,`email`,`admin`) values (1,'zhangsan','01d7f40760960e7bd9443513f22ab9af','詹姆斯爱用护舒宝','男','\0JFIF\0\0\0\0\0\0\0\0	( \Z%!1!%)+...383,7(-.+\n\n\n\r-\Z+-+-+------+---+-+----+---7--+-------+---+7++-++++\0\0\0\"\0\0\0\0\0\0\0\0\0\0\0\0\0\0\0\0\0\0H\0\0\0\0\0!1AQaq\"2RBr#b34Sst$%C5\0\Z\0\0\0\0\0\0\0\0\0\0\0\0\0#\0\0\0\0\0\0\0\0!1Q2A\"a\0\0\0?\0B(JAz0(D	aF\0I0\0!Qa5\0$[쎦^*ry]~ϣ/mF۩TkGTM3aRd#\nIǫ~kSo4s$e\"pdk환5CG;N|X*z4\0Z/RiXv4䗨^|݌Zj\"Һ?[l.9<Bz 7B2+]N!iڿB&ӑ%_eϟDBT\"VJB2(%	PQ\'L!	H#AQWBIHB\nT\")hzc[cTEfPc\0y7m[SFTQ돧\0}犗/T\r+ҝ\\l{DKZѿ<B@D	-N쵭95uG\ntK`\r:(U_\0$4waM8RNN\"XќPǵ:f$FpgiMK\0ɠIvYFMCN LTw4Eֆ;fQ^Z]^..JQb34*y|֕\ZUWG~$##pw&,)k<4\rLbˡv8ک6c,G:ڠRvM{*	X>U,n8]+k>^R޺\rO+Ź\0&F+|B(GM9].m\nBYB\"E$\0!aJ(B(Jh454\\ps}.pO_no f\ZJn	e@&w;Vg&4Q*5(w3]gD78 	;GmK%>nY:˟c6誮o\\S\\Cq:fNL q\\U<߃qo)vJc ZޤW\r\\@hN$m9}#yUHll>ᒧV5ql͢kե\"a.OrZ&ne@sL8pP%i:Z\\=b~ťmNLӨo;;\n7z}d1n.[bf?NEjcx̵=6h/)?ǇcÒ~bm&6uD\'^01GLd+\0J5[SG=}`avy.iAwy\rcYS^6SN*n21\'T\\=GFce͖;p]ǗaJ@I*!lhA XhOv*8A87O:VfQŮc91h DRA2 5AԱV4A\\1i&5s%]JVF^HOz˗SW4c7]Szz?ǋ\\4u7ZC*6ӔS\n[k2//0aYZkӽ?G/S+p#WPs-[hӬޤFm]>:*k5$Kۄ;B6Bqshb8Ozf.hv#͹*ȕj=3a&¥\'3MvAS&ʃd>C6ÇRG2ZgX]vkF괻=x-ti$Te>Dÿ\0l5(\r}gUNm\'D6Z>xEͰh\0M׻Xn\01*]Dngq\0NZȖ\Z@,*\Za$F3D-Um6jOs\\0&7zXaz=;0J!.$\"֖4ÞƝ2SBSH;Gq	WS-%]A\"KԤ!KkB\" Kmm>HdO+ZѣŢ^M	q<|\ne<%IS(Y݊UWc%]u]d=EC\0lR Q^hp Ay\\],\no{6xmߣzLWG1oi\\liX7	iO;?hds\'+6,%q5M6g}B{QK^*ޖ.%i\rg1Nַ9kF\ro/-<pۜI8I\'y&Ui`;@nUu܌(rWz{߯sNatYZhjYب2D;S/0aHbNSYo?T\r؆1]<yZa[H8Uhx\0-)씝M^j`Dܟvj\\M2{%0Z]Tl*z%jgRuQzƸ\Zpd	໺>\\n>C70L|-iQWe%\nBWD(JB4Az렍Qn8;c.b:\"g @J_MnǊsq.\0pL9H1x(Ri2`S7TqG4nӶ\nRR&\ZM)RT^8@D\nB9L\n9H(Jd%([RZ8M\\\\T^\Zd/^vu_8Ax5{D\nWV3Q˕T\0?8*u\0XX2,s$ssIM4	iBzFJϦ7\ZSݱfR*6B*54Cˮ\n&\0sv`*;)MgUHs\"s[#Hԅ%AR!t=٧jpA.V`\"6Ą!#OdA\\Mq6Z.7a+\neJԢ=#CN{qmW71Pؙ0s\\xS,ގKV;\0Iq5V*e8Xo4Bn:6n%FNI%5TJ\Z\0҈HN&MX?U[E&:um!10\'`7FŹ-JEig9\\*ciee\ZMkCZ 4\0\"j4,ѻ\0\\~E\'D;3*UJxp0eĜ\ZWZ.D`xC.8nztT,u\\ʠ$Iف9#Ii5>E^͈h\r +Sk-4u&\ZN\"28Oy\\[-T\'\'\0{-A.	A\\J:K%zd4w	>n+[Xn}^~Gg)3>1TrnyJ~=3rɛa&g!3ܐfR\rVw)9v\0$qa\0ۚڛ- %0\nk\riKYK4wd >tԜOeM~\nrBDk}_Ժ4hpN#PBiV==VB~`w\rK aM1zl[-\0șTd)<``vgv^Xtrܜ\r!ý:EWsIkd\0ZKxdgf5cd$5dvǞJMzHFrH\0ΓѨ\0u>K:Il:P{NڴM8Abi\r;LbHКsώ -8 K3qHs\'52QAO?4d	?@P$mo\"u!H(7a)eqLױѮ{\0v{tAoeu,&CGtUe\n6@i	{&콡?jt)΀Cwf\".K+NZˆY7AQz0jHh2N_y ѻ \r6{m=T-N$kg{^x\\A@wik+YIݒ].\rh8ݣ5>~o0{zE:U\rptCDxTwo]q-\0\r<rĩ#[\0\\Ib\0ĥjk:br.#|Vuh\'.[UOiYơ;\0~jLxZ9	߭V\r术R6`TZ05Xb&~.%25Oࣵ$ؙpJމ$\"IF䃒Nz 䓒 40yWPNl/Vn(;)Q\'b	d^g;Z4z H-$;XBjbdl;6w.PC]#h%.Gq+SmĺRfwGs~K-mSlѦhŮxD=u-ggg/uD\rSr<PYOڛ |qt6 Q4eW2Wü	][(4U駪Yk0`;Á;\r:8n$Z\0T[5SCR/Hk3S3	k\"0%Xx$y)?v4\\$;Da9$<+ C4O	J\0A\ZJ9@:єvrUǣ#j{HY oF^MF\r\0NOMAm\ZEK\0ta(Q̾?(P<іgAg|ˣ\Z&W]fzxc`2]=QZf^\Z&[0&{9M)zk9݋2\\kY!4<xWm!R^]P6gw흪Oykk]PF;\r-Gt5BSMZ$qTkR2].AOI6^Ub\">#=m~\\y(5*nUMI/Q [|ї&H)$\0aF\0\0B$p	VZ=vp1w.;TifuK.D;8yM~G5v;+tF|W=zVzL+ÓtXW[UMJZ\'$N*-w:OA׻6\r؋c92|ԇ֘\r<6ǟit^{u\"w?ʖa\0[ōf[AL-	eF:]@@sXG1/sZʅq.\'Z,3׆uz,pxŮGr֩\0;4lΥUf͠ tе,:AŮCEx*jJfR\nI	6()(	kQ8G\"0@!% 5*P	miZ*juR좭B減2\"sT=R]d0{ZE4on44Pt4\01\0Nr\\/re5K\08oħ[Gn\"*nH-VwwKѿԿ_hUCL4\0Iom۰!C\Zf3;\ZvU4u=X`co<	 ^Z<JԞ\r\0O෗ڲj1M?)1wr2+W\\)قD5A0M`<xV/6G8q9RKhvCvk\n{-!aekiDe^B-c.}s~%ȩZi%Se 7NBM|\"\rR*sL8w$F\'\"S=WUEj͢b2GpoVFBԫZ0dr5:)FxsOi{5JI`es95Y$h!֢p=SQѥPna?oq؝VAѮ<\r\0\n<K⩇9y_+n.L5#rq?8}A\\w4VkSfg8>I&?5\rYf\rIĐ@\"$N>ǛGs)~/\0$I7(v5O7svr43=ꎮc%@T-}~4xF}~eUF	Pt#U	 \"|WGF\0HaaSh{}Ȑ\\\\d}+[U pbY{	a.[?ݻ-y$\'7TϹ\Z-&EԪ9 TAM',NULL,0),(2,'lisi','dc3a8f1670d65bea69b7b65048a0ac40','卖掉鲁尼','男','\0JFIF\0\0\0\0\0\0\0\0	( \Z%!1!%)+...383,7(-.+\n\n\n\r\r+++-+++++-+-+++7+--+--+-+77+7+++-+++++++7+++-++++++\0\0\0\"\0\0\0\0\0\0\0\0\0\0\0\0\0\0\0\0E\0\0\0\0\0!1A\"2Qaq#Br3RSbc$%4DT\0\0\0\0\0\0\0\0\0\0\0\0\0\0\0\0\0\0\0\0\0\0\0\0\0\0\0\0\01Aa\0\0\0?\0%ti3NGA+V.:Ex@7$seĳeF]r/1\n{Jz1ţX7G#q\'Oꃥkxņe/֫f=+[@/y\'#\Zmy?+\'Aļ6Sf4߀kA䃲)8d\0+~VpW@1Zgr#Rl-k4tE}YfI6-lO+^=*2h8zbPE\">{Tۜp˧juw;Yql.\"fPBjL<Ǚ\'U \r*nIq$\Z:]\\\"-p^YhylNQ$8ꫯ\\\0rAyŘ`\"9\0kϿB]~Ke÷0A-):76a96\08߈cxp.W\" \"\"\" \"\"\"q63\rtwo?n!3&nW9Y<#.7s2UZڹjt87q\\aL1\"\"\" \"\"\" \"\"{+X5\'XҕtߙuuQeF[ }\0y?cp{	7K!J!xܜ\">%5\0Inc0GCBA m8fcKEI>\rW;q(.KmUD@DDD@E\'4uA]@?	hSi?#,71I9S{eR#s)o0_\'ؓaSt<8uWX%M19i\0՜!ͱm8zwLt6/,metWAmcfݯhp*i\07QJ2O6[LDT\n+|Bm=\0i?dƼhboe]EmfqD@VsjX?MА9+VԹ6&	? .pϑW#5hU(\r֟tZ8f]{_Opء6!e7` \'6!#sS#twB	t7l>\ZVWo&Op1#tH>/xu̹(Z#{>jgl:\\%DѶJX<ZCOy\ni>Aw7O-VׁK)Zn$aP\\dq\\8AuA}M\"ꊙoutS4;u\rH6H9=.ΠSy	cfk\\nNml$DTa3h*{Z\'~6\0tT$Q%ɬnTYb=t{e&<p0]-*~-uGOle0uV#1G+-q訡f(%v,3LΉ\rK=~U|42)rߘX*m7A0člb4.آ5`O%A̴\\9Pi\07~<ϩk_%(d<ajBF皮¨\ns\r?06ᆏ\",#\\IPtmls@S.{.VqٻO#͘ӿ %\\[p=ܟSǾc\ryjIQN[\0ŵ9\0S4{u0#777MdDTXcݥ4?}h\'8}q[LV@ߟ5iTz\nKnUA\0gl`6Y|@9k2,*ijip5^ˋ/Ae.\Z]U`xBfI6ChRrZ>ո[f؛,y76{|SǻMr,6S0nq*p!M3Z9E1|aX{pЬ\'/\nHÁ\0,A9׌?f61TՔutM4m-ۓǰIG.p$;\\l<4O5ruꠈ4!hw:`m\rӧÑ\\g%-qiP\\볼ʏQQuKGUo5wF#u]GlcpIuw˜0Y^ ӆS>Moy\nh\"ҽD/;+ԛ+gjC4!{xi0θ\rPLWҸaZGO2I?5Mc\0Fd{cشn]j|gaK}#v[+\n.ko4}9rq΃\0ɏuY1AHp`q\0Ӈ|0/i;YAb,GRRUW^\" \"\"\" -Y^\0ڀ7o! m4GByK$OdXURsN㴒uw3V\r_Iו*pM\0kj#aTͩu8cEx#ĩ]o{{yw\0H\'6>J㉺\"cXѭ\\,>YpWBi./Oac,69tS7S7$d\Z:rfKnlY\0EȜ\"	Q^GkC7*}WrhbTjLՐ\'%4pӻYkn=/6\n/[sIUqCDGik(K],nnP55DɼJ^-PC]{#2WhM͢!o䡆w3ɼܿ=A>\Z@k%5NAD@DDD@DDDA\n\\%6\r:|IpzF<e9=2]5owaL3F׏\'4k\\o\re	68\riq\0i*c\0QrVқ\'oϪ!׷o!c\0Q|0Ru1YG<>nPCȽ$_&ro:\06sAKOr\\{&\07se3ti2L֞5 0Hz\0G⚜3Ȼu,\0q\0*?vk ~jPaVXY@=]xps4m6~Umt}Hn=~WyD\r\05w=35TN:w;=S.9@\0YEyj~k]s\rwN$ƒ~3[p-w\nګ=;LeW4<`\r0 \"\"\" \"\"\" \"\"\" \"\".?sQ@gXlmpϊ\Zj5\r@\\6`aIH-y\0\0笟e, \0J\'4v7[ :P8$\"ZbKo5NjgÛ\\^(mAys:)_Ȧ˴^1c+/FW\0x~5=~|(%\r)@w=6것d6{zmp8\"l/uq`\0@voh<@j[wíK4fHyyv͕ϐv,_Ȍ*{9\"A5FwH5\\Ɨ]<.`D_p=|\\6RD@DDD@DDV%<NwFKz\0/;rU=؍-\nĢ;AqhŸ?|2Nhvi`	TocK\"\\o.k$knXip6+\"(cl3߈kuk懸\'Sc^up2`pזj\" \"C1Ͷ+ۯJ{}i^}\r [S|Nr@ 8t6 DDD@DDrCI\\֗i)|>TVRSDxs5cpN~h#Y1e#TWC\0H7Tˉ\ZIhCOA09/1	\0#U\\\'?26;ݞ۩\rࠚFI&äiX m<TRHc8H4;:M+JXjcp/ɡyǇ^׵#\Z|]-Π4C$iᷪY^OQh\0!smn7XR6)4*1c>=2:e(fv#\'gfsYg˒I\n\'(TKi;|R1ےfcMC`G%NI9t/\0l:\0\ZEۘAy9.{iakKoO8foL*yݳhcme ˵u5Z&Pҽ>h$m-.W.YUAYgQ׽#\rAϰjQtkK$WR˭o맖\nFTe8mlFd`mf<\0G[f5ceoyha#o$q#/||LٳwR$3E< C{RDGpk3u|U6&0@6l?0Uu;;&GI&ҷSm{mEmR	ten-sn-v(!yvz84UVvQ]8A*Y<B)jي8hJMW/xkX׉GW^8Z+is=LHd\Zd]=vY띙5M!SC?i+]JK\rO$k|Ӏ$tm/\0Xr-k9韈bsVy[7Jt	XarV˸Ű)X	Ɨl\Zm[rQ(\rY\'۲%f3osNc+9hxfZ$|x/2K\\pnc%+Xsc\\?**R*2zBKZ4bORG:2M* MZ^Bh6;r`(qىbmL=\'C`vnך Aۘs<j\'1im@^\\.\0 =mL?6\nh(Ys]1r]>jl&GhI6nr \"\"\" \"\"\nS1ƺuL.:]?pQM&э\rۙUi>7x^g]k,ߓj䥊($>gH\'@SK\roA){M7ou\"D2Fp\"ypG<04QUD?\'AI.=Y\\FtcmZBDg|N8]S񍍆&57p\nCj4`t#/\\;Ei&FJG7Q7SZvRtAv(Iy|el<YAgs\Zƙ.l-nuW*`bE[>G{=̢GtA:eA\rK\07\ZZ|=0?\r\\\" \"\"\" \"\"\" \"\"\" \"\"\" \"\"\" \"\"\" \"\"\" \"\"\" \"\"',NULL,0),(3,'jack','4ff9fc6e4e5d5f590c4f2134a8cc96d1','我想去圣诞岛','男','\0JFIF\0\0\0\0\0\0\0\0	( %!2!%)+/..383,7(-.+\n\n\n\r\Z+----+-++---------+-+-------------+--------7+---+--\0\0\0\"\0\0\0\0\0\0\0\0\0\0\0\0\0\0\0\0O\0	\0\0\0!1AQ\"aq2Bbr#R$CSTs3D4c\0\0\0\0\0\0\0\0\0\0\0\0\0\0\0\0\0\0\0\0\0\0\01!AQ\"\0\0\0?\01o;ʠ\"\"\" \"\"&ot\"y6X\"\r%Ϛ!\0~Q8oHED\0(͢\\@~ꔩ[UL5»lN06Դ0<*¾\Z-AGN\"kXLY\nT?V3aHeڴh*T(PMƶ[c15չZ3U$n~ aQ\0)\n<3Z5\rS`+(>u]=jNFVUPT1\'\0%y(LE,\Zб$u3\0NV\'(,%FRCF^VIk\"&_4	wӣHí\ZT:3AyGO=zS7 \'\\<}$x/j%1,nYfc͘OyE5w\\ZS&T*s?tN`BEctáq,^QS精8>v%LV~#fD+.\r=ߠ=$(놪݊Scj~e+pZ|H5H\"\"\" \"\"\" \"\"`)gp7Ԥ,/\ZfЬPGG3UWm^Syi\0߈:ez\0$<3=Õ+0U&uꧽS\"5.3ʥAb(캶)#ykojG#K]JjVs٦3mw`;̺ҞNU\r3weXY7\\hWԨٛ\0-{\0=\rտ[>؞(<̮-v|qaj{~ݛP;\rQg_1ԱѨf&\\\n.p><%Z-ǈ5ѻ^r]mlGx#q\'pn8\"/[N۵nۆiVɉjYt\0[Hsq\"\"GhӠ\n;7	\0$`]Z{,fZᬬ̕\0Ă#PH/`ֈEjT*I;Hvb+ծoz<-랓vUdXC_(#	riL\'L,\03Z6v\"\Z)_M5[0kjs˼6S)+۲RZM$o\Z5=ҩM/<\'h	%e5ZvTo/QO-\"-CSpzZXyLM51ajio65WMf@;E3n`XR7Q=j<dJ7LAE3e\0\'N:{cs3,J>هv$g&Ѧ%Pf$yȈNQMiT\\|ĒCT,Zh*);1Q$Y(\02[{ٗIK2wԥ{y8{[PсS#7_Î7WU\\mo\0Qm\0iMj.*%\0+6YqI\"3U($ZI4HVj>y\"/nG96/c+i):8	=?*aS yfgfcM{>>N}魯j1yŵvW]Aj7=e@]NdT(1ՋyL^\r^fݒjEd$f=ӝZkr]\\RZ+wiB-9! u}4( 2]ߎ8=G\'􏱫%ZaVжkXn\0k9tGSLVý:JC9-plwxu48jKm]u;oP)OU>q.^BL?~ۺE<>)X0*@\08L?VN-tܻoo(S}cHӎ**oĮQ~{k]EoN\nulkfS&Հ-Pl\n·z(96j̝Ϙx2ͧj JqEU9T\n#픈B\" \"\"\" \"\"aj~#5:śu\0,]Ɵ^Dh:^RέHQGd~S:nDrwI`֙5ʮ@/TYA~7{zx!\"b\0zZ[X$i^pM5(f?sԪ/HXVe**^ōe0gݯ%vǧAVLvMQv\0g\nBIu}:xg(z8v×\"ڵj78a|E\Z׈4_hG\0\',\"6,I:(\'y.|	Ef6B#}ck#Vk=L΅Qn,xȒKdj٘U1\"|U<?\ZwA13hìucxݵ\'3o/JO͉iy|EO|`e3W\rZ^ւ٭IաHk뛹)iٹOmf;GUl\Zb	&An4/$5$LXd\"\"\" \"\"\" \"\"\" &\'{DU)*ѻ\0i_c1.jnO\0jǸk9\0}fStV\n*;U&M4ܤ,eRT?4;\0Xy82Lr7\'qCo0WwabW^3%\'.e=Z\n:&bp(T7AJk	d;hbT4Zڨ#^عn)j]\Z)p:7Ł*10k(1(Zw2Gx<u	R$,\0ks\0xl/iY\\o-V MnHwɣky3ߧq\Z7ep3\Z`TM8bQ8YMWn\'@K7VPerԞ]Lo0=zƪ9oϾl\\S/=߯.l\073Ho;?tTyl\'I?۬f%2\Z0Zr:sSÅu(B\" \"\"\" \"\"\" $ufR}.#Q$xMFfT垥uK[Fr÷QǟV=Ӣo0N/QLseвqkTy+\0QbY+-zHgVO7fXLHs)zlAUmm| jld#vߦ|厶jxwc_U}[^Q\ZWG+bmJ:n򟜇Tq׏ݽ.mo^qd\'>VKen2hzJ\\9һ9Yy\0|&^;wgc1f>,ē\"enbqI:J	zN*RvG]̆sC&;J\"Y3\0	\n	\n\0:i~-	c^X۵쁓\Z{ɖUj\Z}0쪣\\wkVM:W.&~ӭ}g@=͌S:9|#Za<\']5+z}jciNߦ*z˦DL!5*2?%[D\0氰op{w_0zl\r()<VMDZhQK1<E	6*\\M@Aŀ;-WNJi˾Y\Z~EVʝ4\'&ޠ6@\\D\"*A\0SoTݔr7e217r%ojmmxLju&J\\䑬g\'ND]XZQ1>dp76ϡ:#U[d^+ rx10+۴xf{ojz<097N:gV0URYو6.57<Lti!;BM#o<%G^W	mSk1i1Zpsb;YC^5IcErITB,1KrJO~;GǪ\\UВUp篐67/sFJg̊RS\\<鞅1OTzjg.ӫDzbJ%,\0!FO2؟DDA6ab,׻|Xi(#9TS}Sj￯\ZC5DB-j=4e2յa&t-I\"ϰq2Yixp\0MѦ34O\nu5IuĚLW}6ZJz^M*2:T9-NMR骿:\\}*[Ek\nj2$\'`=Xȃ^Ï/%S~8j*G\0y,fSo_񴼆i -?qZ)50EEI=䞆R%۽O0h(Ohkq@םf8B06PR6NK>*\'~ DDD@DDD@DDAB{>}n8<eJ|G&=~9M[.L%zyn	WCXj7ǈ3\\0wT~eFP}Z>صq\n:]܂V~ss<Fk]ĕa^ iH$nд;gQæJ4@O3eԜoGAveſ[\0>M2?]mظ&UPjyfF\"p_GMibh\ZəXr onF8WUAsĆ0ihԠMUrn߳5#TTNࠒx}Rq-\\KBv]gngB`(WacPV6`6K\08x5$&0b|gqx\\{WBK\0ܪSrnm\ZnWT7JAvjN텫̷Ė\"\"@0\" \"\"\" \"\"S$EQ*',NULL,0),(4,'harry','3b87c97d15e8eb11e51aa25e9a5770e9','东门浪客','男','\0JFIF\0\0\0\0\0\0\0\0	( \Z%!1!%)+...383-7(-.+\n\n\n\r\Z++-++++----+--++-------+-+-77-----+-++----++7+++++-\0\0\n\"\0\0\0\0\0\0\0\0\0\0\0\0\0\0\0\0;\0\0\0\0\0\0!1AQaq\"2br#3BCS\0\0\0\0\0\0\0\0\0\0\0\0\0\0\0\"\0\0\0\0\0\0\0\0\0\0!1AQ2B\"\0\0\0?\0Z(ӭ9Rx[mYĵ3Ny$+-|.F\n/,4\0\nWm*t@Vep84i^40\r~#W\'oѺ$eOY)9N7c.SQnel\nOa\\m7:\0A3VM`n\n8\0\Zg;jFl\ZG1Y}1G÷q8UJu\nA G,uru$Z;FI=N\0X7^%kI_Qߔd~&C\'59яvC׌\0B\\.KOi+WNjI<&LȒI$bTID&@PAL (xuHrpJ֓\0:8r\00Uv8qůP1ؔ-1f٧A߳2úմ2\0dU;nWTy<)KlojdnXvxAqj)[\\}:*߱+0nfkaWBVizUu*5>{*~\\c2tCH9.q:yA6hmT!V)FE W+/XÄխB؞A8F\\#xpD\0TELa\ZZ1liJR|l5-ߔϊdԬ;1<W~(\Z(fPy]{YtT,};U驿X]REܪ:Gyoa()*I$BdLI\"\0)JP<[4A6+rޣQ{.mpis\\tKo\\NzBc嵷jhP,TEQI$-$NBS|+SPWqkhQ<}¹,-)%E.q O\"BϚ(ǅ}xIf=踰v-%v43]-i9<5\n*fX0rW2ٽk#9vdDz-FAkGQC¨k !$.NmXS>h%ŭy|F0폪ǖ5h1ˎuqrYOkZ]!A\rZ0`L7c ZXС]gasOx\'J9*Qdx[\\>t\0Is&9s:+imij9\0ȏpJQ<:g_E%r;@\0AdJФ&{+g=<-M@;˻5Ƃ\'OAuE KLAs囊:WKZ6bvau`2	\')!e$ɁdhJRPHrQhH26H\rMnFagֿrtTqBip\rfA;-ףW!%ӆUڒ۵H&rKŲǸČ%tG(\0eF0\Zs\r8lOY[<̵qa$3|\n\"s`Bh)0b@w^\ZߍeSJZܐyw9ZGN@\rrm\\j\\il	!\0$,0@2W7^KXʎm0[-I\"=\"c6V\Z&M#mWC\\B@>>F0W𸗆K87xr;Qp%-sI a8^j=X0A\0$Ӆ87c2aZ9gH[|&&lֈRmc\nڔÄ:X\0:hꆭ\\jnp0.ZJl`#	M)i]dN9\0E\"H\"%2E$bTRpƌ2{*m#mE/1I_fUKGDysu6u7@dGg&\n[h)]!cO!\nXRv&\'[as{:-ؖ\rχ5NPS)[05ubg[Wkqh$s JX1\0\nR>&8{*$dw\r?F౎&8{HxFU\r` K_۟5is_0I:s; 8o\n+{t+Ӭ\ZSȵNk}<3:O\rM&Sk1.Ρ ~M}/r*S	p:@F6DV$y{i:rMaLVX<+y	f0G5\nѦ񺪭xhJQ\Zs\0YwPۿ8M^\\;vZ&B7L\nR܎BI$ħ*)bE$bI )кԬP*)\'bUX* CD\nEE1QשanMjMr63A*%AU	߈88\0jbJObXᙙPD֧\0\'0?V`N:l.Ɛt\0}uBV$*\Z\0\nnCTO5krH#IZoFx?숸YF5ɒNB$X0dz\0j3}Q[Sz8{\0k<T&ZQ,rZQYSyeORbX,)RIÕREap-h|R\n/Ԥ!L9Sk\0%ʹ)1ez\"*g4ڣCU9RC:VlLi(vqU#beawPѲ@v?6$	[l}\0ےvl\\c vE+@QN{lB6SdTPHNVkjP*`+Q)%4jKRђD%6HE$Ġ	UrP>*)RZ@%H?v\0ԇԜ=\0\n^V4IQuEyT	ٙ jgFT(Z)\r\0)LʞzM3Ȏ,$6ebSz}oy:*$0vJpD:z&f1VpXΩۆ\0$\"d~hJQ5j,9eFݲE~1Hjb^˥D^FK5%RnҡmHzԫ%6)JRZ)bJT5&/L5Ԩ.KZ,g?1êHazde05zz[%$-Q`dar7Aܹ[\0rs²C9ICS\rQIj,L0!K\\*#$:\'aʾQkE`ۜ\")ό(E\0dU#9Y*j%mW-XNluɑ;:1ȭK>Dk]\0S~˔u*Dtd9>C\\ɃZԊI*CԊUKA¸NQ1֢j\"eYMNHkw3Kgtg@Ss,5	\nغ\rX|].%rWui*U-pؕ-yCTIBqRSL&iw-d^UN.ےjw?e0X!ûÄd&>~8?uU#uc^[mSY]#4\niO;0*$kԥ1vS)jE9>@zZ`B\0ޫ[+*}-IcTj_xf}Y7ޛOqP.SjgcWRwK`<\Z!ys\\7B\'uw`pmͭ>=\n\ra>^e|d,=TRE~Di #=UZ\"qc5ZJ\Z5ąY\r<%*6V)*d}:xs+j߅e{\rk +(\"Rq}UO+dt:),dSN9Ov	QXMT!KwPms01)RU$	Y!3oI[GO#zV̭\Z7R4q\rV܍VT#,IzNHEKnI*)ԞUNi)YldUzґ:tLB\n`&Ҥ<($hNZH SR;+M&X\n.(fA\04j{5Zk]226Cq0\0\ZxASvmk׹8@ކNr1x,v-3Sp$klF0IZtmZVaQHznJl-A3ۯQ\"\"vRMŏZD;Y%sZ0v\\VaU]\nN^	wVPzG-\r䅭pTzftc~ޜ\0S\nn]m\'u\0y+R%V\Zҥwfr 6wI:dh$aSr\Z!)Y&ՙR@-YN\'',NULL,0),(5,'tom','34b7da764b21d298ef307d04d8152dc5','给我勒流量','男','\0JFIF\0\0\0\0\0\0\0\0	( %!1!%)+...383-7(-.+\n\n\n\r\r\r\r++-+++-+7-+-+++-+++--+++++++++++7++++++++++++++++++\0\0\0\"\0\0\0\0\0\0\0\0\0\0\0\0\0\0\0O\0\0\0\0\0!1AQ\"aq2BR#br3S$s5Cc%4DTt\0\0\0\0\0\0\0\0\0\0\0\0\0\0\0\0\0\0\0\0\0\0\0\0\0\0\0\0\0\0\0\0\0?\0Q.u6EuCF7?}?4t_6ӸB\"P	@%`F6n)p^w!lM\0;ʬ*k]:Wn\0;GڎYC;\rd(`?9p5ݞSlEY3;WۂiirYgV5ى}:(.9ī^6(eYey\0T4G֖Ǚz{ܬDA\\*mV0}Y\Z?bL&Y+!W*mY=-cG||&LCq,:#<t՛eEUGZӲM.Z\r<Xu{Iх$iR5@KuhЮvn#1h៑AnS%ooiպ\"\" \"\"\" \"\",dLsִ\\dΖU>t\'amg\');<tp6m*vSrďU4G{[䔎ӹw+ l>T㘺NЌ\0ŕA6=w9/M-+X4?\0(\" \"\"\" \"\"\\\\X.<_DAUmGRLք~A{\rw.S5KM=[4to</)jP#UL\\kߘA7eV\Zmn!تٮvkFwAA\" \"\"\" \",8Y\0;s+H_6+T0+C7HA>Yvغ?.2^.vTQÙ\04*;%qb}wqy|mO2\rXwÉ](\"\"\" \"\"\" \"\"\" -H[\"\næ\ruD~L2S:9nXokNF TEa y<8{y3j݁bBRm#F]4/4{Z曵8`XttTJlOZ;]GItӊ>\nn% 4ېTŪO4\rVu4Y?tTm6Df%-Ъ$qa-QZ@7Wp	\'IKV{Hm~+=7T,Xkժm})Rܲ}`|.1g(^9Fܽ_V9q7fkyÂ`8\\n+u\n6\r+ϵ\'R2tU0O.~l:ff,3;WgĻrTN;EZnSpS$0N\"LcW`;n䠛{QOe,x#ǑqA\" ۝muvIamy*ނvL)O\0;^yj*iYنܻg,2hqqtD@DD\nʆ=ޫ\Z\\|\0%~*5q\rY}3b˩Ѷ[=149l*HWwfpJ(\"(C\'V\"9081W[;ˉ^I)k\rK{r\n-\\fg0y:[ǓE0D沘5NW5:i_䢑H0 ޮ|aث-*arD4\rqNgwnGDoe*x̭2mCyߒ(b\\K.`Gy`=$Hj\nh2!0&M/[}Oe+s7h\09tZIÏWGSR&MZݔ𹶧MфlA[[Zlrx:.B4,m^4K$dguvt$gts\\=`GoIU3?m͘s.:x+Ot5`j!->Y׾e(hc-e\0_U83~TlyλpV\r		.%aF4Yz\" ,AYtu\\ۧx~\\#R.Lé>gV\0d~k\"zY>ooU}WH9j\"\" ?Hz{rf?zS+Z78h;ԪR-YEGfa \"\",q>1q{xv,!h;es*k\'{FGy(fKV>Oa.p7RMLîiwA׆0\0\0谗Au (5CG+4i[to\ZkmSINA8~# \0Z2Y@DDDAƊމ5tۃ֏\'{9Puo궴HzY@DDOM\rϭ>\nxJ~P䚎q089M$;Z~-TlqWt}cA&E{S\n	ƭ{\r>z*z)u|\r\'uh\n}٫Ds,缴d\'(n:ǂU6:\0ѥ]b]Z[TF]:n\nD g}O<,@ 醍6v4N<#ve4.S49ֆ254#PNm-\0݃p?z\'kLTB_WeN\'[|\ZZje\'7h񏅭cZ\0k@\n&K+/K[Ampe[Px\Zu-Z:G=|SC#tqmH`EH/-BE<m;\Zg<GiFˑ1KrY}@\Z~Y]&p# PH}P>֌̂+eU_%zKkAݕ2PS<͠\naX}D6>Eŕ_%Zc+;bTz0rwȯ2*\' .Q6YV8Pě+j@?rXo)ʡa\\hK$PZ/Wãrcp\Zww(MoLgLYi VSL˒{M7ZJZsek+}`\0q;A0ޗ;sC E	[c{e<:9yňXaX5ސ,]<13 FTXnߚlRnn\"$#Ji6{C|LmܧS\Z֏.>e%oQ(i>wpOx3G7_F\n6@-7;1VC+\"Y\0F\r*l;\"C<:zr6k|bF;챣x+sq3nA4؝bp׎ԭds7eanZbDwo-\"iRÄ;{Ú%m-]B*\ZJv9R7\"}.ZƵZ\0@]HI=e4ZF\rߺ@DD\Za[ESQ3un*)hj&>n\n v0V:\rk\"=w/x<\'g:2R켈wmΝG␎1n\\<ՂTx.&ʘ#|^Q+Xޤ7Pu<8]+#Uft~ʉ%xqkKf|wQE;Sӽk56km+09q|^u/7Z4ԭe_[pB״X.(z>GigNL#h<NW;j\r\ZVs6{G	#|^Wbe6>2\Z/q)˵!#1w=;Xƴ5p\0\0<\0_R|V@nxvDu:]7M+-A%qo[^QE$z݀H>H\nJBF!klqײ\05ec\"ch.sl\0(=(kji}1\03Qb6Ǘ	\\nIh*]\\΅[m>;_0rAAvgMͿ++A8vKuLѶŔ/3_Z\\z/*]Y֗\0PF\nnZxϭkꂿeNnW	p\"*SKE#^\\aRUKh{akw98nAmج/SexJ{K\\W`9-{\'\'vh\\wՒ |x9ݙڊN-wqUiG-4Ddw<_K=ǒ,GOŝ[\nCO;^.q7Z;n~_**h:H,yG]HjXU,]e\n-s/=Utq`\\\0\")p޿v찵$bG.RT\\4r9E+c4~ݏƫ3~puΊ0H EJɪؘl|ð@fHC%A87pޤnON2qL`oIBbi*ˤQ:LM̩L4cCZZ4\rh\0W\'Ō QRy7\0%]sUT>9]<&@ᢸ,Kss81Sʮke[I$zCkI(kZsV32ܭ͛ S5s?\",W5Eb(2=I\Z;M?RPb<ctsvN`wqSj>9c{\n&qnûOTĜ(\r?HS;餅Lη8(StG^fAQMۚjgM\"^D^W5W[AbEj\"Wp@>h[n7Jt}=Q]<V\r{%oHn!ܡGnjJ\\(ӹ\ryaGlchrZ\n=\"*vn$5zSԺIo~jʺfAvJ\r4L2n!h4%tm5q\'~(:6Y\\ga>+&;!\Z>jjGuyĨ#Esu$SF\\vv4%[~\\N,	\\^D\\l췗\r8@h^#fۖ|Tc&\0W;*,j>@h CVȊ(\\dAp*r_q\nGaii:,͖vqp\'P;rU+IFM4&U[ruce``\rk]-rwCsI6kUtiUGfnyZˉlyjx+eۘew7;*U&;	/4=TNLw$7޼j_=}O10|U&)1;kUk$i\\?lղޔ&e}Q^d2<ʨVêHOr\"0TL~d}SOpGR\r@/AYJ~\r _|E(O,uơ^ړ}\nLn\'3Q~\nvW?I5]iuQhmh͹ѻCq6¶\\XD8R8APu-=5kXUǰ爟AV7[)9s^bLw6(#x\0S͈}\"no{N\'`:j17Fءvq{j4\Z\rx&6+dD@DDD@DDDA͍nr\\\r(ޏ9RM!ٱn_$u YQEA%Q^jVEXr\nee]+qOx.fcޝ-?&C_DOqi71	w	C\'|U\"	djʊԱVȃPղ\"\" \"\"\" \"\"\" ʐ+hӑ*p[7}\"\"G\\\"\"\"\"\" -\\_D?Bm?DUVȊ(',NULL,1),(6,'lucy','ecfb2ca9428299f31f0bbb9b5ea28dc3','我是谢广坤','男','\0JFIF\0\0\0\0\0\0\0\0	\Z(\"\Z\Z%!1!%)+..0383,7(-.+\n\n\n\r\r\r\r\r+7++-7---+++++-+++-++++++7+++++++++++++++++++++++++\0\0\0\"\0\0\0\0\0\0\0\0\0\0\0\0\0\0\0\0C\0\0\0\0\0\0!1AQ\"a2q#BRT3br$CS4Uc\0\0\0\0\0\0\0\0\0\0\0\0\0\0\0\0\0\0\0\0\0\0\0\0\0\0\0\0\0\0\0\0\0\0\0\0\0?\0QPjy (jwCLER	i\rg>w[koٻ\r!\"\'dQ{byvd]\n\n\"/)j9oZK]hl1t2-S\0i8fPT;$:{u4PA\Z\"\"\" \"\"\" \"\"\" \"\"\" (};Ƒ%BFͣ0R;mxs\\\r.Ү=<8nPy*\" wiG։$5sߋztQ*+3WU4,qdqx-5\rڛo1Jð# 4Pv{v04\rcCַ@\Z,\0\0^#X7?L󞲦狟![%>44Pfj.}dkb0AMZbnWQDp,zzE\0\'[]LAvW\0i[I&?@vX\0r\09\rJ4-K/M8\0Jq~+%;]M8cusUvdْH3ůz3UM%D-8g<G8}|zkwVGM1fLF6|\'ߤR8G[e۴a\nafps\\.xW)?탳2RKl_	\'ͷG0tDDD@DDD@DD\ZFWo]\\;j0UI=063FБBd|N-p-U<tз3ph$r}6l#9vfŬOF4+DD\0kG\0>jd6~:\nXcy}wfATD@E=C.5 |V\Zl#jI \"Yiȇ\\|B`KIV\\)dt6~(2ȋƦ8{Z8]B9EWnfJ,B:kA}YmAU%+>i,\"?h_{-㣽G_d%gcbbh[؍\0_KʘY\Z>Aؗ~ӁNٷ	NHÁk!A!;&$^Nzaԯl0Z{l&B\'m\0d`㫜|I%lTDD(5]V28O;k\0P}8ᴸU1.-I?k;Z%m=DXN:K[?\0nzngHçRbQN5LvHǋuɵ3$9nkjkhÉj;pַjj,!ecQSFэ%fOybTQy̿ŧR﨎c9=Uaxd2@$,F>h<\nJ4XǛWjW@\'7]h2Xq\Z|5jw5&cgKi\\y\\}MU}vI;\\uN6q?͒ي|:j:Gssh* \"\"\"6m!lұi\0Aѩw܇U\0@Of\\mB4ir780qAƲ]<\Z.~4lv˱Xp~}=b߀Q)$32_>!;f\r9[4D@DD0~rҳ\nG7.wss\0+bQrXGkP<Yz(Z׊cбc6I\ZqௗUK#nw5K\rPBQ-<nuN%(y.\"Fid\rpjW\"S+.@]njX_hV^*pڈgo3䶕V˱<G l6+Tmǈ?Q>G<W$CU+\Z9{t\Z|K h.q\04\\\0q$>z\\;jFk80#Z`|X\0ܴ(Vq5jf]ο\rtCfiiAsFn\ZBƁ\0ivwNYv0Ǹ\rƖWV14?;NcwX<A-~?؇E\"Z1\'%c^%Al@_Z߰]Xm)CMj [;\ncI<nYx -hӹA?^t\ZGYz \"\"\" g]x^/Ab;-FK	t.h97 \0y%ߧ覣 \0@-i̐|nc^zfAڞl㭴[;gTL.NEwMgL\"qR蠏Ry n>6-b{ 0VVsYfUDbbcJ:[h6f8fL߼s\Z]GRXcpsDDEBPh陭*3\0sekoxURet\rp>|o(@AD[w\0iD\Zcy5wDip.ѷCb\rSE}bŻ1A_}/8 7Nlb{o¦1!{2y8kp<2f\Z0<΁qUF0CNs9) eJE05i#1ŎMd2UX_M4R=^0!78)y*##ptLS睼JUPTDAuyGTa%wz;o`qQ~|RCEc59<Av.bˉӰFE8n[Ek#Y|AvpR$9\\YE`5%A!T<Q/aZ,Yt$jG֠srx*QB1]X%wkGQa̦yjUUAî⨪*6m	pʑ3.ݤs|?r]SU/qØ\\`=*6^\\Fx<xG:*Kb6g?$\0\'yíHB e[-?ObLtk]\0UJZFؑe\"ᯑ%wX|M7lltIARV͸6 J>~/=\Zwdd6I uWօ35d難y|O 95G Ңg=Αy.\'&y\" \"\"\" /4\0\'P)rf\'T\ZHAn{agSv4yMHXc^gФ4DDAî⨲f+xO|W+nu^O}W΂H$l={\rÚlB_~yZ,O,aQnu^O}WVa;mT4>*58g8fi h\\inu^\0%gƨ\\{9YZ\"~ICN%ƭoN^_NhWoG冸䬫2hY#w}CF-Tǫ3ѪGǧC2F/RUxI	n\rep+?G(i7шT]a>?FU |2H=Թ׊WFU \"WzIƊ\0\0 \"}O>V~?\'vu>\0%!nu2U<TVa7HG\",7E*&ip\r:R鸣\r\0\08\08KLcX5\0x\0ReTAK%Q,UDYUReTAK%Q,UDYUReTAK%Q22U|QetQ\0e8h*V\'M^ea{CͅM>(tAT_H\Z@\r$\0/\n,FvR&B\"<]\"PQU[X/Tˆfgs\Z|W/jysY#XlZz8ҽnuTD@DDϛڭ)$2MaIĺ\rZAk^U6bfym$]âe3~m\\21BbN\'7x}Oę4xԕ-kܭ.@E84hV2L4:2h%<fInɺlSRaL!pC wkND覛G{UrńG#;2K\\>FKJXZ-wx\r4Y:MU6J^\\2V޵aiss	c{pЅ wx1J|?l^Pˀpͩ$q\Z5hQG7eMLOsc$\r5:YBv\nx] Apbu5mZPSU2ZV\n\"t{~Vfwf.G47PUUV旈.CrAxl|[SS`c29=۷-\"헁IW=LPF3\rͮ,Hc#4tl:a#fϞR!j>ps>Jh+M&v5Q!s㒛qs4%8x[}c~8d5y\\B]NRC\\/kEwHF^ӴcsB끖Dfa>P5O\"_.Gb͙ױ8c3 {_yn7DUIR6D\r&>ҥ\ZlfϾnπfֶFF=ƭIh4]m%FX8h	o>\Z5ڢbFcvSRbtU!Foy6sHcj*h\"M%1kHˌaXĮ}40ed1k@\\])ˠf[ܩŧmWF华|{#-\"%kM=4ۺ5n+*Ý\Za{r6: W]|0IEohׅlAiں[$iup[o\r=*fj#z)v3F]9=4,#6վ	Os5;}9|ni3#\rMivnrqj8lit4ܼh\"mT43$|f4:<mԩR.zG_T({Fqsyӂ!h\0 DDo40.%kDg7kv{\nnD)k\"!+5֗61{A.sN].\0Zc10N誌>uP] փ\'[MzQ|\0.M͟W=/y48, lŇS6\'永yĸ*q;B%<٢ܵ&Ak+&)eoyy047	D;\rY=rkeFĜ:Ñ\'f\nzW}c]#g[Q쪂8ܾ$29165Zn~7KSB0勤ws9OLTވ0-tnk$~r;`\r6NwyMI_.#IGnrasK v`)a>OqfNᭁЃQ7<ZWҶ)\\fF\\1vS<k[Mu짨m]i6\Zh-**vRdcԸq=Jɢ\nwN26#T֐ˑ޾Yba쟟Z[bLYtR qVEVd0VݖJv8?1 eE(\" v`iSf\Zr콙n\rPx\Zـ4_DD@DDD@DDD@DDD@DDD@DDD@DDD@DDD@DD',NULL,0),(7,'james','b4cc344d25a2efe540adbf2678e2304c','妈你咋来了呢','男','\0JFIF\0\0\0\0\0\0\0\0	\Z\Z( \Z%!1!%)+...383-7(-.+\n\n\n\r\Z\Z----+-------------------------------------7-------7\0\0\0\"\0\0\0\0\0\0\0\0\0\0\0\0\0\0\0\0\0>\0\0\0\0\0!1AQa\"q2BR#3b$Tr\0\0\0\0\0\0\0\0\0\0\0\0\0\0\0$\0\0\0\0\0\0\0\0\0!1AQ\"2aq\0\0\0?\0\Z&?\'4{OS-P13zpjR!gޓⵆzM0${z<Qb\07}S)ߓ3y	pc,\ZiG05)d_,<gz6sR} j2\0;]8|V9q1Bd\'o0\'M3N*Fq)g99\r\Z$sŹa}zZfR5G+|\"4P5$[⦡n	纓l: *U^;s0uV8R)jVo| $c`5|5VbkcZNXr̏G~ c/5ͨ6U[sq|[9:H*` ].U\nbȴc0[|ai.\0ѩ~-xx0sI\0\\Qg]i^C\'c|䩩`VkI_RF ;u8Cv4p1D8\nj}C@~JXq)*D)R]ҕ`հ_djS\'W\0\"tupAFN= l\'ƛi@#sU&</\nr$D3d\'>JpĸH^{q/mƝa^TK͢ffۄXj-\"2-WTC\nQCvCh)?Ay\0O((VX5p*vTDɦ+GdǶIH\Zykx2䇧+D+5>t|#sq-~	T\0$]=iC)V\r\Z/\\JLpq|Pj34f#UMă[,ry\"n<Ue.xr)Q`\\>XkD])35U?%f_Y٪PBP.IìXmMt$zXrf\'Dix(E)+Xr4\"\0-s=)G-q>\\\n7u*c	5azB6Bp SIˠԄ}5`s0ţN6PY$zM \0E~iL@SS.:^J]IEG0n:,7,tO-[\\,6R{KZ\Z\"NTAV8Lizj]H\r\r<im`cV\\=Ya0bӧ|}vSV;Ly*uH}0,iXrn$Xa3\":jE164\0ftX%A\0`:Z-{*7\"fV١u{\ZSa8K\0v&[lmWeHl	{$Ki[6:6~I,Xy}R:]uwi!d;^\rIOl^aY:G[c1`_Zay[`\nӗ~91-& uBc9T%R,KIH\Zu\0&9QS\"d-qdt-䇯K(|DSP&\r׵gmGӨA|VO3mmƹ*;5h/\0?eGF:V1#5dq	~jbb#B>^iD&77+$qat3\0Tg#ĭ{A73 bE[mA+ŷuLar;)E:eZ}XwNd\Z N8p͑$s	1Ei4Lu\0F*nsW\Zr	F\n7*&u$g7~Rq]F\Z DRbVpu=M@mzOH*\0_*7&ah=x3)H[ת;=٩2?$nq0*\"\0JPc%#=R{\\s7l~?B<쐫v&ukl	p|g79ϓF*\'0xyW8^9NWqi˚8lX$-Aڻ=/溾%\\uX VrH/XJKRSK.9j]X\n48XӠs6b&N䪫\'iY*-]r5lD:Ę:r´Z6\"ddF󒏤\'e(UDc+Ɖ:)I7IatuQ,z#Y\\GOZp[>0	\0\n*n!;ସ _MZ\0}ؘ@Y>\'>E/3أER\'h0e\0;|TGg|&|Tո+O@WL\'Ah$n#WCtμOIQeZ;Lɓ\n\"3\'GuILbhj$s*5&1Fk	/%ͽ4KAhav@*%#^`6)ӡ\Z*h2\r*ٻH\rD%G\n)6LuxA\nL>%8>+2i@䪤&ȼsMcm%hJ-\ZQto6mDwu*[:)XLpm}g<R*5*LyQt\"ލE#܀L0P`jI`|RqEr5Tix4^r`UmmanESXhӷ\rgp>Rq7PT*3Hp.;-	L{Z\\SNv-GeK$/ҳc+gdtIc<)v\nȾ4C̃T͊+e_b\'UpJ߄t6<v~I#?)_$\0jX7;:g/$iD}ꭩ;-);U3g%\r:4\r8${bs<l\rg8-oqd@\'\rR;\n]1sόl5,z#Ю|S)و{KBЭ1xB܇Im|FJrATM>]\0Ao{c?DW\rpc7^(B<Đ6bHRi+Ȣy\'P<hl~)bZ7B$y,صvg&	\"Rkv;FTyȲt>F%*RaWa>*r<5AEuW	R1W#[=HL!H>Jׇ\0f@VgY~NS~il)۶l)px*)VhX~0b	;\n(T#D\Z04Tm)ۨ\\\"<əIΩEB~\nZK$-eV#hM,)#ݤFkŎ/nPD2RV>q${`dg{\0e	o+<$4	q0U7zym:/GL1he{!)*$.OWo.kG%EIe#.܋곌ĲПTS]W,9p<.&hPxKkÑ\'洌׍\0LiBe&YZ\0#]+l O7ӪOflIbi}W,<#+&l;Ȧ M\Z\r=TCioxe;ŜV+기ۥ{nMlK7%:r\0DJ1TKP4.&(Օu8rfB\"*n4k3dQ\\j(rBTY%t`\'JZV@aM\\`^>;-*e8L4r牨~;Zy27KqB79oSOѪlȨ+%qYĀ3bvWl|3@hZ:@O5M4ii{z\">^Л;y 񭬣\'\ZeF;\rvA-q\"6\Z*Z2%`)s8La)H1o?g8_eNNhB`{1W妫$3B>jbKւ]JJr?})[t=M\r23Xd4dA4&@\Z}xHꖅ=mOԝΞ\'M)JީAX _T4nuiJqGd뺿)[%(r>J6^\'@o:ϒ&;\nҍ75rMR|0uf>5Wup 2NŇhOR7z!*}ǂѣD!=R,J̶גMͲFl!}۝Oފ\Z\'YrC^OO2cGei\0?DjHu!G\ZA6P5qΣF40mZ ˈt3NuMSLHV0P\'K怸S|	90KJ㬨^àR~% NY`pS*~e\\r@$(T0~г=Ub~a[d3C9\0\"PpHhkn^t\ZELpG.C6e]ÈF{=[\Z[/u\ZEhz([t}d	D71̈N#\Z*ESytr!)jI$kOdk\Z|iid@hsi.MTXfYP7	[dֲuMF%&L}!#F@)vLv֟AB`1Q\0T\rR5X&W4%jfTq6H]tD-[~V\'jWG٤Y@\rjԇL`[\0\'-/=%1\ZjTpSߕzS`eEg+&7$	\Z)1䒉Md4(ΈPE-csQhɂWLszB\"aMQR$$\0Q02)E	FJ Nkc<\0THm9Jo3J\ZE%5@*dJ\ZZ#x\00hL`	+\rMi+B\Z⨩5_N-f%E2V&V4\0IqY`׫K0-\0{ne:8:uE8kFCK:>*Fd4Lw7ي:&Mai\nbVEb)icuR?`6yκcUhD8Aq%\n>3b|7Q_alE@^0!ΔB\rcSZZS._-G3X\Zi2e:J\nEW7G8k˝O0oRVј}bwL5z;\'YIZe5\ZV`.4aVŹRЅwHjuZ<8J/gbaqwa4鼖t3l.p.qחP×H:t%oɸK\\`ue0tn}\Zg=,sth\rx];Zj;tqq9LC&EELgܴX]/h$0BdD><GSic^)@=m\Zp\052Itdq&i9$2a3Eԝ5%R#Ba1˄BN\\缆.\"-/+>\Z[1&seudJ*\\	g%õ!L#Haose\0>+{YG6GR%0	8<\0r\0\\N{KnJIr*R6Nn桞5ժ1\Z^]Ր4L	i%ICA&3Du7J 撦	XicXڭs?fZ M,s_h\'P5ΓL\0YfkJ(,>+c\\s_NCH7iH\\#LQwkIk\0˖wfR4{Su65gt9mGd;.ɔ	4uC	\0\r̶lnjx_N1عɳC9kڱWkS-Ǿd%i\rFiNj^\\]\rl↓pԩ2yF\\h\r3#5actTzP;4:EMB0pQ8\\ON]\0H.];8B˭:[%qurBhPY*4h\".Ȁމ.XUƺe#]$.\\\\WHZ=W.Xi|Re˔نٺ=',NULL,0),(8,'jerry','30035607ee5bb378c71ab434a6d05410','银川吴彦祖','男','\0JFIF\0\0\0\0\0\0\0\0	( \Z%!1!%)+...383-7(-.+\n\n\n\r++--+---------+------+-------7+--77-+--7-7-+--++-++\0\0\0\"\0\0\0\0\0\0\0\0\0\0\0\0\0\0\0\0\0F\0\0\0\0\0!1AQaq\"2BR#br34$%CSTt\0\0\0\0\0\0\0\0\0\0\0\0\0\0\0\0\0\0\0\0\0\0\0\0\0\01!A\0\0\0?\0\"\"i\" \"\"\" \"\"\"A6&jOH,t.j|:mi%12<tmVwl7d/N߬;ڣU#5&L_E.Xj̠^s%vWJ2\02ޠMUsS)>S8qU(T(:0ñt5]\ZxRjU*\'y\r\"ULD@DDD@DDD@DDD@DDD@\0I \0.I\08g18(Q8\ZDi2>Ҷ\ZT+Ub3*mt:IXXʔWؕW#SQF,3^=\r3L~oe*++#ZBE\Zz췧M*,%Gd9fPHЭOk2kܰ+,%PsdE\n@\ZyQW9QaƝ\n17-6,lK^%:%Ny_ު)#:̣WB\ZE2v& 8JX%@A c&Q2Gl2w\'lVYS>N{,|=莲4&\"!H16\'թ(o+ש0*r/*&\nq(3\\jKy>KTe.ɌHd1g,fP@$\0;q$BXwkn>25>ÑgaٸxKVfFXr#bpL\"AyhY\"LөD@DDD@DDD@DD7\0ש=y~vf\\*5QR)6ƃh20:xALapO\ZI}m\0R^lװ[U{\0I~b-74\n~\'s:-:N%fȋOZWY&P@v=n>@XiR$xJ*^	bZ\r2{\0\r_R%N<0@,QF{~YmMui e߹oYXB\"RplF#Pf\Z|-\ZwRrmns:!AU[ܛyMC,$w\"a\"%R\" \"\"\" \"\"\" \"\"^!ijlq<N!Z3\Z@\n<ix\0)cV_꯴ޚ9s9qxs=q\\m#ªETamǥL<\nU`r^Ǽ~1	ݘ{j\0SP??X:)`<LU5XG ~szYr1\Z)UpWX/5}סA8[n;XY8OUZafK\0:/#ÝyRej./̀3b;BPeۇi#a֧-M8c~=;S\0迈Y-;uw$ߩ9$sNk6Za`pd4/QR:As/\n2\ZBL\02h8pp\nZ_p%QET ęH	e.l5ʾұ&0S([~ìڕJj/PXzLW2}ne-3o\".πjX~19qO\'_QgΉta+&+S>*+m-\'ܥdğ:&*\r%N!\\S?~\rF*Q\"-OhY~o.\Z`Mca0UoUJS^jPw%U_]UM5ToY}# \0?34DE5VTf?Iѷ\n\\jԿ[`D\'L3nD@DDD@DDD@DDD@LMdЏ̹IX#WY]srOROZxHz)*^s#W\01L22C3S\0cOԧUm@SRZ\nٍS~exXKp{-YmU\\q\"54,\0j=r/(JaxLJt%F AVM|`\Z.)ķhWkg\'P/}\']mv͈QFOmYRdb:{(#7B?MP8pV4 7wA=f\0Ieɑ&i\"!H	b\0b)o t8eՎktANo+T]IgD4-ΦiuVҽ3j+ny1_%\\ژK\0l\rA~򾳦l;xH+ #Pmvċ\nlVi}G̥y\rb\r	ߜ]!g\n4W; `i@-abdVԓ\0oĵqxBJԖan\\l/:\\	mWx|1`eX\r,/[|牎\nX.@MynR]7o<c=2jj\0\06Ձ{k7߳Mul;TgA+{@cPS0o1yH#ɘ;\Z-ZfP{*WB\"%R\" \"\"\" \"\"\" \"\">:Jl:G\Z?/uGE]nm\0ET=ܓ3YeC2ds_4woy\nr)rO2:yO\rGlػ^tJapeOY*XzM0H?6푿SLE1T~5~R44ܦ&@O\Z^\rE#.>rޜ2\'Y*_0b{Xps]᫛OQʹ|IF-Rc/7Ɨ&sjekN}\ZέBF.p\"p^ǄwSl9Iy9cRĥ7PeP<<@xN} tRO0?\\nėfIob+>RF]/u@XwZɖ+$XIkKDeD^\\IEgI|}aۯŗi6kE\nf{C绯ra,yk7rfȈTʥ!y7p	A	73v߽+>g2cF:LeTe8O1R\ZDPKL%[L-&E1#,!RD+-yD\"=~e[_IY,Õ`UG\'*ٕ5MGv(!I2%hTqM?\\_SCőE()9T8?~#ml[ըj7g%yIys5Zԉ]\0JHWJQ+5W˜aȖPe,\0I=6,vZ;T|I	sr9E)UPBUtRKdGe[P#-f_2e\"Ք`zEdP^	5g31!̓U/E*s/~q**jNGe{Nj}S(\n*za\\Q{Yg>V6LlM\r	A\\uɐ)n|Qqd,*^W\"bkvr,Y[D[-/.$I\0IXj2pEAۉy\r1v*z>s3pݜyR\0-Z\\)W2/*4DDґ<iٝӽēEƽ#֜{٫%MZww y	^+~qEYH3[ GyT}4˙@\n$a+$`T$yȐx\ZZ^Bm\'\nƚ_iU2,w\'mI<trfvXX	^\Zcā[O1ztŅp>Iï	r|\'5L;O`;=HD%X35c\"l6ek7NS9#Yb~JV槇c=Y1A\roDq1.PJ\") sО\'v58F1O}dg92Y^Q#&@\nm%.%BReuz[4&bLD#34>s&c`x9ULH%VDKhzHRUq(65RT{(ED	>bL3MbX5&w±QfzNw}n\0Is^.DZA*bDTc޿\"i12b`JSWDвb\"O{}$īa3%B8ʄ/RѺ\0y6J\rDD',NULL,1),(9,'mike','18126e7bd3f84b3f3e4df094def5b7de','我要这铁棒有何用','男','\0JFIF\0\0\0\0\0\0\0\0	( \Z%!1!%)+...383-7(-.+\n\n\n\r\Z\Z----+--------------------------7-----------+----+-+\0\0\0\"\0\0\0\0\0\0\0\0\0\0\0\0\0\0\0\09\0\0\0\0\0\0!1AQaq\"2B3br#RS\0\0\0\0\0\0\0\0\0\0\0\0\0\0\0#\0\0\0\0\0\0\0\0\0!1A\"Q2Ba\0\0\0?\0 MN(޴щ41<bm\'jZq%:#/\n4T!v\0,j#Si~	IY4&uqrxI.\'%j:^:ƞA[&T+;މ}=v_;#\\^<\rNh/\"\\<a9;aX+a\nA$A(\"BQ\r#H$i	 \ZF5D:8:2DaB%\\X*ґf\n({\nXk\nZyS䊘Z1e4x7&Fu|MmawTԖĵn\nV~GJޣi-8~XEǋem#ӸGvlu٧xFfL$\ZC:j!(LH$H\"HtHI	!AXag4ء*njgÈZE>\\]ԯӆk3/ŭͅ26fC\'l<AƖt+:.i	uGO\"^&P\ro<M%zW03FQTJMMrgmzs9,,ʏ,XMYnJC}\\p\rUfD#k\nۆq|zSZ>f)J>;2*s_BJ#\0|B|m0R +BdqAgBlLt[OD6Ʃfeq3ekuKw}O;̪TP置2%3Wm˗3քh\']-v2ZٝQiRy>98rǸ_\'McNJJƝBv45#<uBҹsGq缊uo=IK&{6x%5\'+x\\}\'0TilK8\'xc;5 |f7\'7(\\(M\'(m,=f\r`a0\"as3SPU`M3n0_35V-v#my5l`Ç1h|\0\'.PD[	x_xZQm]mKp-M;L<&4IeɞU14!F$&ݢyO=<Ӊ<_:靕ɫv&(.w&0p[IʶZ|fgc[7F%岝9%ug3s_tx\\7[]7+vQ$=\nk\0Ca@B\0f8aRJ#<uWS79H\Z4ɡ@E&bZt0\"*Z\"DvŬԴ[8֫-_/gSԴG07kQbU,;Miwdp&}Yz	;np-)ķAģ3Ѹ;uo|;ni[kt56D\0!0X3l`+\\;3ĕ۲(\"i5es[zob1?֯ђ\"G/әjسFeqJHNeHkHL\Z殌+C<2~4?[%f\Z/>4,$ǴϽ+ՂÚ[ÔZðucVw5m#Ui-^t9>FͅJLk[`&WMa=\Z\0R,.Z8NͲƗs].¤HC kf[|Mrfbso_l$(՟`9a\"jʳ\'5B}me4UQGyE_Ӌ 2t\\1nN﫻$i=2^#4	KZXzg9:s72Fy{z	o|?Ln=!~j--)6b&lflQ;c\\fƹW7KԳG-Rh];{\rx͆OOdQ\\֡M-	>^{z*2JJb@mSA*K1l{erSq^\'KvىB\'\\庽ODEz)lG9l9hm|,YbpBA%m:ƚ2I	u˓Qf-65e5zO<S,٫8Oofڙw}lv&vlflQ=lk5s̰\ZTtb\\\"rF@T\Z7d%&DR$\\L9a_cmO<yiZM˻0x7J\\m=n9di3lsGuᆱy\0\"@%dV`IZXf\0>ص)e5ݲ}}4gUKaur<%)G@c\"Hꀜlf{	PxG1w-\n6b9Εǹ9lLnq0PL\".)Nk>mP\'\Z݉i|^[/RlG_K͵FРfbleyOmn	[rӧVkBCar/\'q;xyǩE7+Z\Z(:Ih1jF558~Rێrb.Jҿ=R},GWXm+ZߍGدVњY2҆Еuoo%%\rk2+1l-Z6J*K}R\']	S8\0\0f\'>)~}Ni堾SPL3B!֌:{\Z]M7\"]{eM[SuBjim])pL:Eҩ?7:TRIYbŎ<tK4x䇂Rq*UsFq#2ǞdV}9~^7+RVue\05#-{y3Cn\\~C-wnHEkkN+֞c(i$UwVjTz\\Ij^&untG\'qVk&~#/O~gWD֒O_CYpǚΓV:^ER;〉?eb9Kp_*(MJ>zvz/\rf+\"TW_\rǜ:l6g(rz3\'̞x[E,\Z㴒~w4kk0\rfa1;N-.1R~W\0Oo#J/Q۵ǣOw\'ߧ7-VڧXL.oYb^,tXV֖\\Btdx~9x嗎{hAr8r̒\n!nG*B]%۰e	ȔBT 7-1?_`F|	$&ܰ/@|YiQD0^*R^8Dˏm4Cl-[35/w~34nImzGIū<mrڌ_*p|Qr\0VoipwhM_dxkZ c+g\Z\00_eM5ݳR迓pӳEF>n\'\\rM\r}_X].*QRNbs[{F\034߅Ny&Ht\'e=~E8̖=?5n2jh1E:_ 3ablR&00d/{/)̎Vok_-4;}o\07;|zt3zy|F+/pk\r\"g+G,?Rۿw=:دF\\&\n,|2UaV*r-vNVNRut6}!:F\Z8\\Fg?;D#:]<\0f4q-R{\\41伙*CĬJ\ZOyy@a?xBb\0wO-doaBтR!\Zau#!rs\0Y?T\0.B*!/',NULL,0),(10,'harry','3b87c97d15e8eb11e51aa25e9a5770e9','灭霸再爱我一次','男','\0JFIF\0\0\0\0\0\0\0\0	( \Z%!1!%)+...383-7(-.+\n\n\n\r\Z------------------------------------7--+-7-+7+--+-+\0\0\0\"\0\0\0\0\0\0\0\0\0\0\0\0\0\0\0\0\09\0\0\0\0\0\0!1QAaq\"r2BRb#\0\0\0\0\0\0\0\0\0\0\0\0\0\0\0\0\0\0\0\0\0\0!1AaQ\0\0\0?\04HGwbfI,T98  eLa(BvFyYSF6ZeYG$cu1\\z\nȑSA=F5y?D(Ikmmc7Q峋v~PC\ZCLaɀTb\0A5$\ZE8}\\錑3If0.p\'Ph\\؃չ`יdĨ=Hd)H	!ن(@c8ѧ*MtizUFW^ݼlۃ=56ίg4l.ӝW/,\"{__M<ֵbE#\"5gdKE?Mt5ͺ˴+zR`1(B0 =:[(MxgXČ-S\'n4j`C[(1UQva*Ϻb#Y\nR&3UI|^-roudVǫ\"&g5dL $) 2]ȝKމ-ٳ*=[9og0_wĚ[|L`:rpJIik!d}_\nRRI7k5{>MO)a#k\'\\ŌޗfԄWRi>|5kr->m~Iv^Brqeq?S	54ⵓ[iK,wY+Mq΋\Zqc%hoSc\'ydz4r5SvV⢝-V\0X4uxC<b̍UxcQc7#zfX[NǃM\\Rb\\əQ	ƈe	w,M+V01\\x&&fפ2YInjMN)t,bKW\\zEBA^oh+\0_ZJj֣\0\nSYAgQ7PcPNOd~KU%R׫\nuK(ů52G5o-f\"Hl$?CceFk]ꤛwkT71\0מim+rUYjTyJc	MpZv%/m>_/\rchTi5wv\0.iJFC\ZB.Cg\n1@zv4dȐQ6\nqί7i=n.ޭ5*=at	N~fqϯ>v77>Z4jr\Z3PPnpG%kipsر6\0qV5:uͻK/_X>\"\\^X~Э:Odo{|{5Rhߟ_lxr0,\\\Zc<wK4OgK3IIwWB-?\rө9eW.\"~}jrkFɉӲy_\"d]u4>TrնM\Zpm&Ir/BR̴Mm9\\=9Jw:d\0_Pʀ-1:htʎ,6R]?ɰMD^+W\ZBBg9!0@J-\\MijL7(U Jyc|g-Rꊵ`/f_#Q}(.9Q-x;ۏ6\'5G]+fzm$s^Eym;h;z|Uǩ99wE*-!٦TfċYF<˿sS7e%\Zk}^Ū\\,=8uQF:r]^pKbH_D\nNYe\\~[|\n\0*<<-I~~7(94%ף$֖bzYC<oJ$T֤\n>}F@|9dCXfM@&%qĺfTŃrrwKWXť=57GsR.-wo_gNTb\nbwfu\'&~]y4+I1i꾨NJ-Iuoļ~Z\\npZ8\r!*dkQ\Zkվ*-IؕEpj|/qС)O<~&NW8@ZC煜6՛xmw6M>Nu[z|~%u9&hf<C$P-rLYP!`\ZZRXq\04O4EUdc|D0ShJF/S[~?3kͽWc\\\0zD\"K\0xj:Xnku)5R\\F_]}ѩם5I*uidXW4֖#du)g\r\'o#w[صRF*FnE76\ZHB5ĘJ%\nB\rDY\n#&QDȥ5nei2U]WRU9\\i㪘pT5YI.PB2Ҿ\'\\}\rLu|Ke\ZC.X+(S0t3G\0w3Xc~X-4%&򴴗cӮ4ӓm%$_	Tl-\'vpjߩJ*m均B鮔[\0j\Zc&8.Q\"CJ}\ZxE鵰t<+\'4h7hby\Z-XD^:G<\ZXy	hx~ɝ<,9\ZUN6MirgUxW9#`܍&8\0h	hcYӆw)hճXOPэ9~b&eԠ(-x]`u\\6Syb\0%^ܾj.[W&M pGli+>xL\nFGNEL`gI=S	2Zbi-B()nOSDsYDAlR3VV&NMz2	!0΍B{fB\"R}:7Ã}lbݽ[u<{=X>Y\ZW9քWO3u^$ȿeD[\nIi;8Lۻ:nNF	$n],c8t 5}\"aUF$dŘd+	Dad(HYLH>wԪT3qE[d~gO;IU*ɞĈE:ʝcnE9dDԗWb\nWbbZݣm4l.II=oOcJJ8znrۻ^yۧi؏^LWVr{/.=\'J4T4޾ѕiV	XeSncQ,\\*unK5KeP+bpwon.̳NiXᔕqn,E5:&Z\0L{\r\\C]kIʳ5+10nb\n\'\")2ab@M$Xr#T5mɿ>NPtג[I-S	&[5=SJ*0z_ݖ&+\0U6h֒]FIF-o\rF}ZR$F&mӨZq@(L4I	TvT	u&^&iONTe؊4\nd$BǄXry^\"o܄u!n\'\",f\Z\n\rqMR6+F\ZK$\nI~v|C\nMb#.Ӎ_5\Z:\nI%$N5Kذ1g5fZDD_bha@I0Pc1!@H2:(h$2a`!qHBBC1Qa1kF!q8̒H\"!Bd!2+|!*!@!@',NULL,0),(11,'rose','fcdc7b4207660a1372d0cd5491ad856e','不想写论文 ','男','\0JFIF\0\0\0\0\0\0\0\0	\r( \Z%!1!%)+/..383-7(-.+\n\n\n\r++7-+---+-+++--+-.-+++-++777--7/77++-+4/-+-++.84++-\0\0\"\0\0\0\0\0\0\0\0\0\0\0\0\0\0\0\05\0\0\0\0\0\0!1AQaq\"2BRb\0\0\0\0\0\0\0\0\0\0\0\0\0\0\0\0\0\0\0\0\0\0\0\0\01!AQ\0\0\0?\0 \0\0\02@ 	%.@T\nc\"$P\0\0\0\0\06\Z*L\n)\0I$!$\0\0\0\0\0\0\0\0\0\0\0CaEe.Ouvy-QuyX<noh9pqR,%_frի<\\1M@?dmh͝Z\07qO7\'|;F)eY65KjҨP.䜘0ѓ%V\Z2H-*P\n#Yv\\zF-9|fRoĆTޭo$%K\Z}f=}=xKMY{)(MQp/p;dWY4,\n\0NA\0\n$\0\0\0\0\0\0 -Ց mko);wo+Lu=N\ZJYRܖ?p9JӕIDaq\'YSyTW)xm8/3r\Z䔞U4KGewnXYdoa&˪%j$28R\"l6A9DfZ1>yJ\\+\'Yʤrlllj70q}wGը\r_O5*c^)&\\ѦSsAŵ۶q\"\ZGsS?\no5ak.<9jަR>_{u*{FcQO/\\?t\\|٢J \0\0@\0H QH\0S2vgkQ>h7K;]9ĝEX~8+Y7-5=ȝH՞#J?6saz]9\\VK/	gW>&cNKtIkKV.lt N*)tKCeUeʪ*,gUyȘI@K9-J@OKd&S&\0so\ZqM5VKRJ+1WI.I#JR<ѴZrojͯz1{#rbëgWhQχIGXrGE|Jk6_V\0\'eZ#He\"\0\0\0\0\0@\0A\"\rO=dC/\0hGvamRU99G	Kn1/nT\"cZ]O9s=ek8:\0&ՅzP^~TZ/RUmDEBc T޾,q~6d%%\"3E~>\';\\8\'Uw`\0UKjgI4l˕(y7C6r35P\nQB*)~z8pč7gSEe0*(@F	\0\0\0\0II$\0!S01ndg]3_	jJEޭӗ<aiHnڦӾpa$J&4s:]ҥ:Rʮ9I^ٗӣR3i`ݟud➺dFhե?m$׷GzWIeѬU{`,NeT+/up9\\\Z-tE%%?`?Qr6\\\0Zj\'މoϷuZrׅscj3L&3k-Sı~K(/$4Xo?sPV9\Z3>՚V@A($\0\0\0\0\0!\0E\0]_NZ>_6	~,]-m\'}_o#Mhy=ٞ5,\'ռtO,7)ɛl*/5E	R\\QRNQz=W?h΍HԎI%%W}^q㜥%*fӫEXBuy7YSeǅ\ZךK0s%eye{|ѶWj/h3xp݃u\Z<0E,jΤx|EEk5俹m}W*T1+$}?mmITX>g=>5\0*RE:tے̾E	5}i\\|U\ZxIo_/cmMZܛmFKάW93ճse)TPEңUW<Ûz5XC;J6ƚX8Fr_>g[8&f|11R~_:$-M:i<{mrr33\\[Ze2	!\0\0\0\0\0\0\0H05hF&:)ה8rEDN?*˓׆8i$fՆ(ׯOc}%ƴYMN|:ımS/r\\R7{iQ%^t#\"X|\0ypz{\nX)\Z\\l#7K0oE?	}+:cNX*3,..O)$\\sK.tW5<r>tV19{v,NeV}\0#{\\\'7w(gV߫zC\\)+%4.f\'!j0Ro/ypSbaso=IITSzh{mۡN\\PW/	M}\rյ]5/F+8շ\'2dE\\Z6h,&\'H>tZ*	\0\0\0\0\0\0\0\0\0d%M-3UΦ#ac2cbƢfHșbHUC3jDUUܳ9`IRěAsL-Hz0E\nqS/F_	q%ՙ5WCryfKY4*\\(ez(T\0\0\0\0\0\0\0\0\0\0\0H#35D={@I扥Uʒ/4hQkS_6,]f/FI#*2<)Q/Lh(BDA*X\",ssLJh`fUM^GQt6vTv֎\r36K\"@D\0\0\0\0\0\0\0\0\0\0\04TR0.(d4Z\07V\\_Z״\nP8r2mN\\HʯeaU%-_]=4K~dSRT%T[MfIrY1es9v.Ӳ3hY\"0h[6Mogl(۔[6S/$H\0\0\0\0\0\0\0\0\0\0\0\0\0\0\0\0!0@:&Y\rlbԴ7N\Zݏt\n|\0\n.Bx\0jyT+PǧD\'\0BD@\0\0\0\0\0\0\0\0\0\0\0\0\0\0\0\0\0\0\0\0\0\0@\0\0\0\0\0\0\0\0\0\0\0\0\0\0\0\0\0',NULL,0),(12,'finch','c041f0a44b95c6d5c7c3ff47e8ea9733','尼古拉斯赵四','男','\0JFIF\0\0\0\0\0\0\0\0	\r( \Z%!1!%)+/..383-7(-.+\n\n\n\r++7-+---+-+++--+-.-+++-++777--7/77++-+4/-+-++.84++-\0\0\"\0\0\0\0\0\0\0\0\0\0\0\0\0\0\0\05\0\0\0\0\0\0!1AQaq\"2BRb\0\0\0\0\0\0\0\0\0\0\0\0\0\0\0\0\0\0\0\0\0\0\0\0\01!AQ\0\0\0?\0 \0\0\02@ 	%.@T\nc\"$P\0\0\0\0\06\Z*L\n)\0I$!$\0\0\0\0\0\0\0\0\0\0\0CaEe.Ouvy-QuyX<noh9pqR,%_frի<\\1M@?dmh͝Z\07qO7\'|;F)eY65KjҨP.䜘0ѓ%V\Z2H-*P\n#Yv\\zF-9|fRoĆTޭo$%K\Z}f=}=xKMY{)(MQp/p;dWY4,\n\0NA\0\n$\0\0\0\0\0\0 -Ց mko);wo+Lu=N\ZJYRܖ?p9JӕIDaq\'YSyTW)xm8/3r\Z䔞U4KGewnXYdoa&˪%j$28R\"l6A9DfZ1>yJ\\+\'Yʤrlllj70q}wGը\r_O5*c^)&\\ѦSsAŵ۶q\"\ZGsS?\no5ak.<9jަR>_{u*{FcQO/\\?t\\|٢J \0\0@\0H QH\0S2vgkQ>h7K;]9ĝEX~8+Y7-5=ȝH՞#J?6saz]9\\VK/	gW>&cNKtIkKV.lt N*)tKCeUeʪ*,gUyȘI@K9-J@OKd&S&\0so\ZqM5VKRJ+1WI.I#JR<ѴZrojͯz1{#rbëgWhQχIGXrGE|Jk6_V\0\'eZ#He\"\0\0\0\0\0@\0A\"\rO=dC/\0hGvamRU99G	Kn1/nT\"cZ]O9s=ek8:\0&ՅzP^~TZ/RUmDEBc T޾,q~6d%%\"3E~>\';\\8\'Uw`\0UKjgI4l˕(y7C6r35P\nQB*)~z8pč7gSEe0*(@F	\0\0\0\0II$\0!S01ndg]3_	jJEޭӗ<aiHnڦӾpa$J&4s:]ҥ:Rʮ9I^ٗӣR3i`ݟud➺dFhե?m$׷GzWIeѬU{`,NeT+/up9\\\Z-tE%%?`?Qr6\\\0Zj\'މoϷuZrׅscj3L&3k-Sı~K(/$4Xo?sPV9\Z3>՚V@A($\0\0\0\0\0!\0E\0]_NZ>_6	~,]-m\'}_o#Mhy=ٞ5,\'ռtO,7)ɛl*/5E	R\\QRNQz=W?h΍HԎI%%W}^q㜥%*fӫEXBuy7YSeǅ\ZךK0s%eye{|ѶWj/h3xp݃u\Z<0E,jΤx|EEk5俹m}W*T1+$}?mmITX>g=>5\0*RE:tے̾E	5}i\\|U\ZxIo_/cmMZܛmFKάW93ճse)TPEңUW<Ûz5XC;J6ƚX8Fr_>g[8&f|11R~_:$-M:i<{mrr33\\[Ze2	!\0\0\0\0\0\0\0H05hF&:)ה8rEDN?*˓׆8i$fՆ(ׯOc}%ƴYMN|:ımS/r\\R7{iQ%^t#\"X|\0ypz{\nX)\Z\\l#7K0oE?	}+:cNX*3,..O)$\\sK.tW5<r>tV19{v,NeV}\0#{\\\'7w(gV߫zC\\)+%4.f\'!j0Ro/ypSbaso=IITSzh{mۡN\\PW/	M}\rյ]5/F+8շ\'2dE\\Z6h,&\'H>tZ*	\0\0\0\0\0\0\0\0\0d%M-3UΦ#ac2cbƢfHșbHUC3jDUUܳ9`IRěAsL-Hz0E\nqS/F_	q%ՙ5WCryfKY4*\\(ez(T\0\0\0\0\0\0\0\0\0\0\0H#35D={@I扥Uʒ/4hQkS_6,]f/FI#*2<)Q/Lh(BDA*X\",ssLJh`fUM^GQt6vTv֎\r36K\"@D\0\0\0\0\0\0\0\0\0\0\04TR0.(d4Z\07V\\_Z״\nP8r2mN\\HʯeaU%-_]=4K~dSRT%T[MfIrY1es9v.Ӳ3hY\"0h[6Mogl(۔[6S/$H\0\0\0\0\0\0\0\0\0\0\0\0\0\0\0\0!0@:&Y\rlbԴ7N\Zݏt\n|\0\n.Bx\0jyT+PǧD\'\0BD@\0\0\0\0\0\0\0\0\0\0\0\0\0\0\0\0\0\0\0\0\0\0@\0\0\0\0\0\0\0\0\0\0\0\0\0\0\0\0\0',NULL,0),(13,'john','527bd5b5d689e2c32ae974c6229ff785','拉面好难吃','男','\0JFIF\0\0\0\0\0\0\0\0	( \Z%!1!%)+...383-7(-.+\n\n\n\r\r+++-+++-+-+7++++-+7+77----++7-77-+--+++++++++++++++\0\0\0\"\0\0\0\0\0\0\0\0\0\0\0\0\0\0\0\0C\0\0\0\0\0!1AQaq\"2B3r#RbSc\0\0\0\0\0\0\0\0\0\0\0\0\0\0\0\0\0\0\0\0\0\0\0\0\0\0\0\0\0A\0\0\0?\0BYr_|uƙ.6UہIU_X]A_TyѣFtX{A{E^QZO(YuS̦14QDP$=肪I)9%$R$$!\nB8֦ӌy@$6\\U*UʁHX5:\'p#tjci?BY1ms\r=0UӬ8`״6Ȧ_\'UGp-ާJ\Z\0NGݗ[\0Яw){.ˁ@Oo΋|`\0jw(AQv(Ҧ\\@ԤÄ>R{=kH:YH_Hm\0[wߦ\'~J)lnem곞kl~>Ujj zBy4JxP!\0)7f>?@)t0:ػؗn079 :2)&EHGp@ꃜitx{AYFKд8GzQ2e%9Mf%TKnCfAQ[hO\nS|B?e>BUOf1&\0UW+ژi<\06\\eʷeɄZjh+Gv7UQTˊyL5HJP)g\0_	[]Yn5HK}oఀ5$謨P襶`n+M5Q2܃oBûfq]bk3:`8/֝,q&4WbȼW6AU)45䒁TA*Kba6NQ}P?!yPB!NBFc-cFBk`*cLƳٞK~#R\r|~DRBBH2~l0	sW<`|\"AmPu}a*ۋBMD*ֈ^Ajf))V3znä)<D~O`8j9V{R93PbkMJ<,3[PsԍNI6/,r\neM1B	^fEĮ\'f\">\0z9.6k\0 \n?KU^+	oONKY\0 (ӛWEs|2DY\rbܖe`29|6mh1FJTn%j$kmK%м.PmjM0\0SumvK\\k_ITGTv\'[M$\rngNr!rT\Z4%!qIAt읤m}Jit\\XxjGRNBGרBYBB	/d!ox6++1sAr#}wa*M7OQڴevi:FHp GUU:\0jVwVi\'~o>\0WM<@\'1SwzXҨ٤Mu̫0a\nޛKcG\r\'4fwOg5(\Z0;K&	*9v/惕TcVPpu791#Nx\03BhӢ0؟\04\'-H\Z)x?ك mCA	O6p;MD5BR\nn\Z$B	 U^\'\"gKknNAHO(T}Z!e\"PBB6WAmevEPz.s^\r=BNlL/Zz=\nQVw1yxQ-tU#`6LV)|rc7֋<DGIq*8\"Ǯ|U8!ZV_z\r_Je&$FcEE^}j6 #68 n8I%SHFCX\"lto|QhrQÂ7lA=,,O7y cY.[U`Iˠz];^};v_g/^J$H)\Z5NVsFd,\0oo׺\n\0ysHN\0vVX	dse^g$|>V?70} !eK])&gRD(B 8n\\{z\n>\'EZf~gtV|k:֘{nHѧ5ܝw#jVO`n]0JlfXSHv\\t`\'>AYx\0f3.J\rĵ1{e:Nk//xׄiU0G<Ο@xI˰栃Y5sXDCzi=~vh=rTOuԨN#J&Kv9hh|~(x꿑|~͇DTHrϤ-Po\'>.#/iQF6n>qxa] ?\0i2lMR<6NYYh̵ti`ZOP?\n\\\'\'!s\\\rL9ԙ̦96dsy\0َ~B@!5=;Mdt5SB@!s_.>8MZsgF6Wkc~i%\"j;\\	,*.ѽ;ݟ-mgS3py}/VjrCO	\'>#EШn\'?G9^c@s|gtrJ8t1U/--Y;.\ndGW6oe\'t̞pAĖucϚF_Ϝot1LIN2=x(,SZ׈|j(V2L*EJ.C`8ouԏ0Lt S#G`2}J-)7z~\0z![\0!DB\n(qqP7H	^Z~O@!\n\rЫ]S`(8wƛOo:ê^\0`_NҤWses<N>9ZS\rwD@:$UlJbSr\nMHGĭq7^*=5$K?ھPT^E֟k+\no8u1?!%V\rrw\rRuL\Z:̜1iv+\Zƚe\ZKV_Sh?|V&6NZ4B]GÈW2L;Aa9$WRp4\\;d`l1!=:Q#wqeNY@!\0!\0!\0ቔ kH̹Me77I?_î/7[ؓnʫvf4-\ZCO0<`+:bz \0.]B9]I^S\Zs$9 EQd˅\"Dd+gdn\nar8OMZH\"4ʝWQ$8[TCˤ]ͻsutˋp&A٭@}WF6\'3JO>\\dg3wrSÊU(:I%Ť\"݅WK B!!!!#*SS3] V}vQ, lYXMSaͳ9.{NF~,-S?nAJލVi4GBV׼$WuiU%6I^CT\nKM/8)*ȦE\r%no8j79G4gxm\n{j4#)CiȦ3v{C%{p\0cɦH5eiop2-\0sEA޿,>*\'t=Y4pOVΫz\n}7Ůif;zx|bmgn6t4SB    ͕FsZ,<*mg~U{Osߙ9,`.9\r)>SNrSh	^/	H$e9HJh)U6A-g`Ts(V-kN#F\rJ*\\d]~Fp0ify2mȩUR*04/)%	W|8KMӨ:)OfxqR`g P}[ujse_4nf?]ͧޏ?gcYZ*<L{CzK\"B!@!@!@*/eZg ~͞3#˵oIq\0u7)\0i	8ꪘN>R!;)EvNRGƉHfVXVU s!;D>FDJIMSG먌*D*=t$Bm\rAe83S*G#@uMkwmP+i|uu]+wx_+ϳP0h7|epVu\0\"hb*acac-}@\0o\0z(BB\"{Aw_+czjPtԲB	tB\roS$!\"<fJk}%i)-T,!=MvGؾ=k?|׈C!?',NULL,0),(14,'dustin','04d0336a64806a7d94e9055d2bfe409a','怀远一品辣条','男','\0JFIF\0\0\0\0\0\0\0\0	\r\r\r \"\" $(4,$&1\'-2-1+5000#+5@?.C49.+\n\n\n+++++++++++++++++++++++++++++++++++++++++++++++++++\0\0\0\"\0\0\0\0\0\0\0\0\0\0\0\0\0\0\0\0:\0\0\0\0\0!1AQa\"q2#BR3b$dsC\0\0\0\0\0\0\0\0\0\0\0\0\0\0\0\0\0\0\0\0\0\0\0\0\0\0\0\0\0\0\0\0\0\0\0\0\0?\0^z$2>k/	Ǫ	Oqt\r^LQ1)8|A\0}}\\TR)٠,CqM8&VD<P$lZ S9\\cϴj	\0AqA#O\\L,/mNE5*2\\]FRluav6\'z\ZV\0[\04ZܾK;(\'\n]\Z }`G\'Qw)l/Nb&-qt]&W(<zG-6Ms/4Ti)l{ M\0H|N0{s^\\\\1q\nMmT@y@vǅO&ZwQg ˆ`q\0c\0$S.\0cX7@t 	sk<wqAy6u`Me\rP\rǆ>?ɧnW]?&<P wP.pPF.w?oÚ;v<j1z \'a8O\n\04r#\n/hIS\ZGW{h?aD|j}F\Z\0(VH3=\nJ`\"~;P .A! Te=,V-mQ$ul8\nJpNyrRg%μ+]oꃟqtWA,`\0s]~%ryLt*J	~2McXL${b4s	Qxc\r`|ė(-3`Y~\\(>~8:,㠍TT}JeG\0ŝ/(؊*44\\n	<P\rDU!㝓wlg`^@5&U\\Iq!VOJPOj0{H\reeYC\0y ŹL~!՝*]IU	4quJ	`{LnLㇸ\"p I\ra8ʥ[ rn.%xk`I*Tyrťl9#PsHϸez Isk*<efď<riz@M[e-]T~koTH L9#} YL(3,?6(\"q@0<\'^JǇpR*;fѢI(lX\0Na9s4tAQ&X6*^+\0T\r3Aг&l_d58žtZUOhWV Ed<%ęQci3-h6cDF1؟򔊵(<\\r:I\0`^9Yd@C\0kf<{`>i,\"tPaYT)ZuLZYF,<ǤY \07\"	(E\"2\0HJj9˨CΙEkObi1R6Y+hh[1tHʳZ|C}Po0U8ckRQC*:`̯^I!\'聹뒜W R\r.d\0;&L?H@>mPEy[7	fqeGDGT8{M-\0lCX\Z},Sژj$j\'Hv섳\n$zIX*j9R+0r$I)L;s!8Woh9$X<1b:p=KDG?\n\\@uR?Ӱ~ϸhq\\DR}K~3(=\\s+i-o\rkC	|n/jq$Ś: L\06V9f#CL)me-\r0آc	\r5ſZqc*F\0*N3Pm쯽a`|@$\rbP\':}=h=/\\AK@	𛎡-I9z.Jgr\n\ne hR_Ms\\ nԩfˣ|B8A6aYp>O._k$`#)>`km*PĠ8<\'G(ïku&D>}6}PƺAp\\A0.`ymϡQ8s\'}@ց wz8{-N,@ Y\n}\Zעd;~՚obB&𒮸VVwjscwdgfZ<\0h8CU6#SYsUN.k\r\0L\0X-A75{ ~3S\\\0,L}l3z7@mh\n^%l$G\"biGL8\\`-(_)A# ܷ	x KMT\\\'ON?+m?D\"R#T\n 7U|;`+	}ۂ}	&{ʯ\r u ;t{CETBz~\'TŮcKA:#ʛt)\0@+Nɚ/k^fi *\Z9I^M<78I*\\/vi5K,l(ڶPjYm!^`^^ֈCA{>h+3,lP=¦_{<x$`N0Ωbie9i.{.~aX4(>̩Huw\\a[Od^M\\C@_Dyy4$=@1dJ16{V8A\rfoMfsrAq`Aq_4	7*VUkU/k*$X`,: A\0OG{iatx~l\0\0\\;X\\y$IiA4鍊AS^pO/X.I;J1Qpb6DNue6-s\0zD{H̩HDv\031qADyf\Zi,4A@e≰:!Aaq\09AN4TE-iQ>K>fh-p6]R6e\ZuE(g1]n/`oe>cT*\0U*lo#tUopYsdUFV.\Z\r}7@\0)4Tdcݮdz+u\'\0A[T.35]wxNt/m\Z!_F\'`\r8s$56P&11Ԅ1զύ LprS-e*sC noWP	dj:\ZӱvW<p|H;ѦBvY\"Nݾiz v`g&lW 8 Od\"Sl%VկTN\Z,8+~\Zފ̟_FW|o\nx3l;y7mSu-@GLmSN;\r-7;}QEɷ=4w,Լ~Jk}\"rNH~$~Vy=,ߚ	tq#nyk818[)k)&~ѻvT8x>ZfiUaFl8 4ƷL<1$2cZ@TsrgEas/;E͚m:!\"$\r`1ǯL$nԔTI/WStWmimxyl@Z2fF)eWL:ٽU 6շUkx!I,2b@Fk`bݽX|6?.y~]jRYt^!_2#byTSy oeQ\r##	> mF9u>[;\'rnQWHĀn~\nbB8\0@5@@D19pU-<y%ӫtH($#|ӉxAKs5^oucs{=~{uA[49\\\0ks˃cKE0mh29igb}N5	B}ZjSÚ	)y\'uiL\rȎCU8y$t42q\\z)?}\"ܯ,L͆!k@q`--ĶZ=-@Nڱ~JFUi\"Y~.\Z(e3P=tDMK/V3(,@ ߒ	\nfY[Dz9ʼv<h(k`{Yh$-y2{\'CÏXEC#n]V6ɾqXC txb*\r\rp&+c\"wDtAigN4]T8HMhfրwW<8i4ۻ+tQq?dxWf-bhv̰B-0-dө=7b8Uq6&r~aw(]P4\r<ǑC0{{,-\'x	6A\ZJf<MeVǘ1t&#NeeO;<VN*j{Ϥ@L	7VyuvAR?bjSyVgsʊY[\ntts|%^\rp\0A>VLԎc	w$S7\rTb(vA.:׊3q53	C~h\02\n*T.]Vd*\0+LU\"\02P֘\Zȓ(GT˝^aR 4{LSW\Z7\0 4-<@lg\\\08C{G!WpnJ(6e\rPvaAH (פ\0m`lOg8UqP&A+`1W )µU` <~H<kiS	Wu&tRU&XZ=Xa7tunKM*j5\Z\'yےSj96A}D@VxJMHbD{(1X鴀Lx>qvOȋ*;pP5hi\r&I*;D{<0. m\' \"죂Ǌ\\y<;5ix-ni@Uai2 i\0O@,=%o%]M!\09\"Za :xniql@^Iːb3N~@14q)\0x.\\7^Z#cۺr4ƈw*-\0L\\T\"L\'یa-EȞ\"fCg|Qp7}.AP6 t	6(\0;/ J|ȁJh.Ad*\"\0E]W\ZY$9rap+uAk9/85K@b\\gkߨm\"ehX*[lr$/ ]jP<\r5IEyn+ē ːP{FjbDSxfˤL\\',NULL,0),(15,'admin','e10adc3949ba59abbe56e057f20f883e','我是管理员','男',NULL,NULL,0);

/*!40101 SET SQL_MODE=@OLD_SQL_MODE */;
/*!40014 SET FOREIGN_KEY_CHECKS=@OLD_FOREIGN_KEY_CHECKS */;
/*!40014 SET UNIQUE_CHECKS=@OLD_UNIQUE_CHECKS */;
/*!40111 SET SQL_NOTES=@OLD_SQL_NOTES */;
